evaluation_date,agent_name,team_manager,campaign,channel,call_reason,coaching_status,tenure_bucket,shift,qa_evaluator,qa_score,aht_seconds,csat_score,nps_score,compliance_score,resolution_rate,target_met,critical_error_flag
2025-04-13,Agent_028,Team E,Tech Support,Voice,Technical Troubleshooting,Not Coached,4-6 months,Mid,Evaluator 4,64.3,802.0,3.43,21,87.1,66.0,Not Met,Yes
2025-12-15,Agent_114,Team E,Sales,Chat,Cancellation,Not Coached,0-3 months,Night,Evaluator 4,70.7,604.0,3.8,39,81.1,74.7,Not Met,Yes
2025-09-28,Agent_085,Team E,Retail Support,Voice,Technical Troubleshooting,Not Coached,7-12 months,Morning,Evaluator 3,75.6,751.0,3.69,24,89.8,72.6,Not Met,No
2025-04-17,Agent_049,Team C,Retail Support,Chat,Cancellation,Coached,0-3 months,Mid,Evaluator 2,72.2,540.0,3.82,31,85.4,73.2,Not Met,Yes
2025-03-13,Agent_071,Team E,Billing,Chat,Billing Issue,Coached,0-3 months,Mid,Evaluator 1,83.4,560.0,3.96,38,90.6,79.2,Not Met,No
2025-07-08,Agent_081,Team A,Billing,Voice,Policy Question,Coached,4-6 months,Morning,Evaluator 2,80.0,794.0,3.85,38,90.5,70.7,Not Met,No
2025-01-21,Agent_084,Team D,Banking Support,Voice,Cancellation,Not Coached,7-12 months,Night,Evaluator 3,67.2,782.0,3.98,43,85.8,65.4,Not Met,Yes
2025-04-13,Agent_105,Team A,Sales,Chat,Complaint,Coached,4-6 months,Mid,Evaluator 3,89.9,540.0,4.38,44,91.3,75.8,Met,No
2025-05-02,Agent_049,Team C,Claims,Chat,Account Access,Not Coached,12+ months,Morning,Evaluator 3,82.1,495.0,3.77,11,87.3,85.5,Not Met,No
2025-08-03,Agent_020,Team C,Sales,Chat,Account Access,Not Coached,12+ months,Night,Evaluator 4,86.6,445.0,4.11,45,84.4,78.8,Met,Yes
2025-11-27,Agent_118,Team C,Banking Support,Chat,Order Status,Not Coached,4-6 months,Morning,Evaluator 2,78.9,476.0,4.0,31,88.5,75.0,Not Met,No
2025-03-29,Agent_086,Team E,Billing,Chat,Account Access,Coached,4-6 months,Mid,Evaluator 4,80.8,544.0,4.01,25,91.9,76.0,Not Met,No
2025-04-10,Agent_092,Team C,Sales,Email,Order Status,Coached,4-6 months,Morning,Evaluator 4,82.0,429.0,4.11,39,84.1,83.0,Not Met,Yes
2025-12-26,Agent_063,Team C,Sales,Voice,Account Access,Coached,12+ months,Night,Evaluator 2,87.0,690.0,3.69,27,94.3,75.2,Met,No
2025-06-01,Agent_061,Team B,Billing,Voice,Cancellation,Not Coached,0-3 months,Mid,Evaluator 3,74.5,611.0,4.23,33,84.2,75.9,Not Met,Yes
2025-05-11,Agent_104,Team C,Banking Support,Voice,Complaint,Not Coached,0-3 months,Mid,Evaluator 1,68.7,700.0,4.15,24,84.3,69.5,Not Met,Yes
2025-05-30,Agent_049,Team B,Billing,Voice,Policy Question,Coached,12+ months,Morning,Evaluator 1,87.8,762.0,4.04,38,92.5,77.6,Met,No
2025-11-05,Agent_071,Team A,Retail Support,Voice,Technical Troubleshooting,Coached,7-12 months,Mid,Evaluator 2,80.9,693.0,4.14,32,93.5,77.4,Not Met,No
2025-09-15,Agent_001,Team D,Claims,Voice,Escalation,Not Coached,0-3 months,Night,Evaluator 2,69.6,824.0,3.74,30,88.2,67.5,Not Met,Yes
2025-12-10,Agent_096,Team D,Billing,Email,Account Access,Not Coached,4-6 months,Mid,Evaluator 3,85.3,527.0,4.27,44,85.5,78.6,Met,No
2025-10-21,Agent_013,Team D,Banking Support,Voice,Policy Question,Coached,12+ months,Mid,Evaluator 2,100.0,703.0,3.46,33,98.5,74.7,Met,No
2025-07-11,Agent_094,Team C,Tech Support,Voice,Policy Question,Not Coached,12+ months,Mid,Evaluator 2,79.7,687.0,3.86,46,90.0,69.2,Not Met,No
2025-10-04,Agent_087,Team C,Retail Support,Voice,Cancellation,Coached,7-12 months,Night,Evaluator 3,81.1,708.0,3.74,28,92.6,74.2,Not Met,No
2025-06-10,Agent_051,Team F,Tech Support,Voice,Billing Issue,Coached,7-12 months,Mid,Evaluator 3,77.4,840.0,3.82,25,87.8,67.0,Not Met,No
2025-11-10,Agent_056,Team D,Billing,Voice,Billing Issue,Not Coached,7-12 months,Night,Evaluator 4,74.4,770.0,4.09,49,86.9,76.0,Not Met,Yes
2025-01-22,Agent_083,Team C,Retail Support,Voice,Account Access,Not Coached,12+ months,Night,Evaluator 2,86.0,661.0,3.89,38,93.1,75.1,Met,No
2025-09-10,Agent_062,Team A,Claims,Voice,Escalation,Not Coached,12+ months,Morning,Evaluator 1,77.5,726.0,3.87,35,88.3,81.7,Not Met,No
2025-08-24,Agent_032,Team C,Billing,Chat,Account Access,Coached,4-6 months,Morning,Evaluator 2,78.0,601.0,3.63,27,88.4,73.8,Not Met,No
2025-12-11,Agent_030,Team C,Claims,Email,Account Access,Not Coached,12+ months,Morning,Evaluator 1,84.3,555.0,3.96,32,92.1,77.6,Not Met,No
2025-02-18,Agent_029,Team C,Sales,Email,Order Status,Coached,0-3 months,Night,Evaluator 1,81.5,335.0,4.31,42,85.5,73.4,Not Met,No
2025-02-28,Agent_049,Team D,Tech Support,Chat,Complaint,Coached,4-6 months,Morning,Evaluator 1,78.9,654.0,3.8,31,94.2,71.2,Not Met,No
2025-06-19,Agent_045,Team D,Retail Support,Voice,Complaint,Coached,7-12 months,Mid,Evaluator 4,80.6,721.0,3.51,18,91.7,68.9,Not Met,No
2025-07-07,Agent_093,Team D,Claims,Email,Escalation,Coached,4-6 months,Night,Evaluator 3,79.6,545.0,4.59,47,86.0,82.3,Not Met,No
2025-09-28,Agent_030,Team E,Banking Support,Email,Order Status,Not Coached,12+ months,Morning,Evaluator 3,86.9,484.0,4.1,48,89.7,76.9,Met,No
2025-07-09,Agent_016,Team E,Claims,Voice,Policy Question,Not Coached,0-3 months,Mid,Evaluator 4,66.0,796.0,3.56,15,83.4,72.9,Not Met,Yes
2025-06-24,Agent_040,Team E,Banking Support,Chat,Order Status,Coached,7-12 months,Morning,Evaluator 3,94.5,489.0,4.36,37,98.5,67.9,Met,No
2025-02-20,Agent_019,Team F,Billing,Voice,Account Access,Coached,12+ months,Morning,Evaluator 4,80.5,731.0,3.95,25,88.9,81.7,Not Met,No
2025-12-30,Agent_018,Team A,Retail Support,Chat,Billing Issue,Coached,12+ months,Night,Evaluator 2,92.0,413.0,4.61,59,93.7,83.6,Met,No
2025-02-24,Agent_001,Team B,Claims,Email,Refund Request,Coached,0-3 months,Morning,Evaluator 4,77.1,672.0,4.17,44,85.2,74.4,Not Met,No
2025-09-01,Agent_078,Team A,Claims,Voice,Escalation,Not Coached,4-6 months,Morning,Evaluator 3,69.1,783.0,3.55,17,89.1,68.1,Not Met,Yes
2025-11-16,Agent_115,Team D,Retail Support,Email,Policy Question,Not Coached,7-12 months,Night,Evaluator 3,84.0,534.0,4.19,24,90.2,81.0,Not Met,No
2025-05-11,Agent_047,Team F,Claims,Chat,Cancellation,Coached,0-3 months,Morning,Evaluator 2,71.2,627.0,4.3,46,83.9,72.1,Not Met,Yes
2025-11-03,Agent_114,Team B,Banking Support,Email,Refund Request,Coached,12+ months,Night,Evaluator 4,93.6,475.0,3.98,25,95.0,76.9,Met,No
2025-05-15,Agent_066,Team F,Claims,Voice,Refund Request,Not Coached,12+ months,Night,Evaluator 2,80.7,748.0,3.63,33,89.4,69.4,Not Met,No
2025-01-21,Agent_118,Team A,Tech Support,Chat,Order Status,Not Coached,0-3 months,Morning,Evaluator 1,83.9,460.0,3.93,32,91.9,72.8,Not Met,No
2025-11-25,Agent_092,Team F,Billing,Voice,Technical Troubleshooting,Coached,0-3 months,Morning,Evaluator 4,73.8,823.0,3.92,36,85.1,70.8,Not Met,Yes
2025-06-16,Agent_113,Team C,Sales,Voice,Refund Request,Coached,0-3 months,Mid,Evaluator 2,76.1,651.0,3.91,34,92.5,69.7,Not Met,No
2025-10-01,Agent_114,Team A,Banking Support,Voice,Account Access,Not Coached,12+ months,Mid,Evaluator 2,86.9,669.0,3.58,24,94.1,70.7,Met,No
2025-03-30,Agent_094,Team C,Tech Support,Email,Upsell Inquiry,Coached,0-3 months,Morning,Evaluator 3,86.6,556.0,4.01,26,89.5,75.8,Met,No
2025-11-12,Agent_038,Team B,Billing,Chat,Billing Issue,Coached,4-6 months,Mid,Evaluator 4,87.9,527.0,4.03,41,90.6,69.4,Met,No
2025-01-14,Agent_051,Team B,Retail Support,Email,Billing Issue,Not Coached,4-6 months,Morning,Evaluator 1,85.2,503.0,4.03,31,85.8,83.0,Met,No
2025-08-30,Agent_063,Team B,Banking Support,Email,Upsell Inquiry,Not Coached,7-12 months,Night,Evaluator 1,86.5,508.0,3.91,43,89.6,87.1,Met,No
2025-09-22,Agent_004,Team E,Sales,Voice,Complaint,Not Coached,0-3 months,Morning,Evaluator 4,62.8,625.0,3.86,22,78.5,66.2,Not Met,Yes
2025-12-12,Agent_001,Team D,Billing,Voice,Account Access,Not Coached,4-6 months,Morning,Evaluator 4,82.0,619.0,4.19,42,88.6,79.7,Not Met,No
2025-02-22,Agent_008,Team B,Sales,Voice,Cancellation,Not Coached,12+ months,Morning,Evaluator 2,81.9,570.0,3.91,31,92.1,80.0,Not Met,No
2025-12-06,Agent_029,Team D,Retail Support,Voice,Refund Request,Coached,12+ months,Night,Evaluator 3,74.4,697.0,3.63,28,93.9,75.0,Not Met,Yes
2025-04-02,Agent_055,Team E,Retail Support,Voice,Complaint,Coached,12+ months,Mid,Evaluator 3,81.3,730.0,3.77,20,94.5,72.3,Not Met,No
2025-09-21,Agent_103,Team B,Banking Support,Voice,Account Access,Coached,0-3 months,Night,Evaluator 3,81.9,607.0,4.13,36,87.9,77.1,Not Met,No
2025-02-04,Agent_003,Team C,Claims,Voice,Order Status,Coached,4-6 months,Morning,Evaluator 4,70.6,773.0,3.67,4,80.8,71.1,Not Met,Yes
2025-07-25,Agent_032,Team A,Retail Support,Voice,Billing Issue,Not Coached,7-12 months,Morning,Evaluator 3,86.3,625.0,3.7,25,100.0,67.0,Met,No
2025-03-22,Agent_010,Team B,Billing,Voice,Complaint,Not Coached,4-6 months,Morning,Evaluator 2,73.5,604.0,4.13,33,86.0,83.8,Not Met,Yes
2025-02-19,Agent_074,Team E,Claims,Voice,Escalation,Not Coached,12+ months,Mid,Evaluator 4,63.8,862.0,3.96,27,91.0,72.1,Not Met,Yes
2025-12-26,Agent_083,Team B,Tech Support,Email,Refund Request,Not Coached,7-12 months,Mid,Evaluator 4,78.6,471.0,4.13,49,84.2,79.7,Not Met,Yes
2025-01-02,Agent_110,Team D,Sales,Chat,Refund Request,Coached,0-3 months,Mid,Evaluator 3,75.8,533.0,3.71,26,89.8,73.6,Not Met,No
2025-02-23,Agent_034,Team E,Claims,Email,Cancellation,Coached,12+ months,Morning,Evaluator 1,77.0,615.0,3.88,40,86.6,76.0,Not Met,No
2025-04-16,Agent_097,Team A,Sales,Voice,Technical Troubleshooting,Not Coached,12+ months,Night,Evaluator 1,71.6,738.0,3.97,28,83.1,80.8,Not Met,Yes
2025-09-17,Agent_087,Team D,Claims,Voice,Escalation,Not Coached,0-3 months,Morning,Evaluator 2,61.2,751.0,3.61,18,85.6,71.8,Not Met,Yes
2025-11-06,Agent_055,Team B,Tech Support,Chat,Refund Request,Not Coached,7-12 months,Night,Evaluator 3,74.8,648.0,4.08,21,89.3,77.5,Not Met,Yes
2025-07-10,Agent_092,Team F,Retail Support,Voice,Policy Question,Not Coached,4-6 months,Morning,Evaluator 3,77.7,733.0,3.61,31,87.0,67.2,Not Met,No
2025-08-06,Agent_032,Team C,Tech Support,Voice,Escalation,,4-6 months,Mid,Evaluator 4,63.4,756.0,3.73,27,86.3,69.4,Not Met,Yes
2025-02-13,Agent_050,Team E,Retail Support,Voice,Refund Request,Not Coached,0-3 months,Morning,Evaluator 4,59.6,744.0,3.61,27,82.2,69.0,Not Met,Yes
2025-06-11,Agent_007,Team D,Retail Support,Voice,Upsell Inquiry,Coached,7-12 months,Mid,Evaluator 3,91.8,676.0,4.13,39,92.9,79.4,Met,No
2025-07-21,Agent_093,Team A,Sales,Voice,Escalation,Not Coached,12+ months,Mid,Evaluator 4,84.0,686.0,3.98,36,93.6,75.2,Not Met,No
2025-09-27,Agent_008,Team D,Billing,Voice,Account Access,Not Coached,7-12 months,Mid,Evaluator 3,72.3,635.0,3.94,37,90.7,80.3,Not Met,Yes
2025-12-17,Agent_065,Team F,Tech Support,Chat,Escalation,Coached,0-3 months,Morning,Evaluator 2,73.6,701.0,3.67,44,86.1,67.4,Not Met,Yes
2025-10-31,Agent_057,Team D,Claims,Voice,Cancellation,Not Coached,7-12 months,Mid,Evaluator 4,75.2,803.0,3.82,27,87.3,73.2,Not Met,No
2025-09-28,Agent_119,Team E,Tech Support,Voice,Order Status,Coached,4-6 months,Mid,Evaluator 3,77.6,669.0,3.78,43,88.4,72.7,Not Met,No
2025-08-03,Agent_067,Team F,Sales,Chat,Order Status,Not Coached,12+ months,Night,Evaluator 4,87.0,405.0,4.0,43,89.7,75.8,Met,No
2025-09-09,Agent_088,Team B,Retail Support,Voice,Order Status,Coached,4-6 months,Morning,Evaluator 2,88.9,680.0,3.97,37,89.0,74.5,Met,No
2025-07-09,Agent_087,Team B,Sales,Voice,Account Access,Not Coached,0-3 months,Mid,Evaluator 4,74.3,606.0,3.99,39,88.3,71.3,Not Met,Yes
2025-10-23,Agent_059,Team D,Banking Support,Email,Complaint,Coached,0-3 months,Mid,Evaluator 3,69.1,595.0,3.92,9,89.8,80.8,Not Met,Yes
2025-08-01,Agent_072,Team C,Banking Support,Voice,Order Status,Not Coached,12+ months,Morning,Evaluator 4,78.2,646.0,4.1,32,86.8,74.0,Not Met,No
2025-07-27,Agent_054,Team E,Claims,Voice,Billing Issue,Coached,4-6 months,Mid,Evaluator 4,77.5,675.0,3.89,23,90.9,74.4,Not Met,No
2025-08-25,Agent_111,Team F,Sales,Voice,Account Access,Coached,12+ months,Morning,Evaluator 3,82.7,721.0,3.65,44,88.3,70.8,Not Met,No
2025-12-04,Agent_101,Team C,Claims,Voice,Complaint,Coached,4-6 months,Morning,Evaluator 1,70.7,673.0,4.16,32,83.9,74.5,Not Met,Yes
2025-02-22,Agent_067,Team B,Claims,Voice,Billing Issue,Not Coached,4-6 months,Morning,Evaluator 4,73.2,703.0,4.03,34,90.4,71.6,Not Met,Yes
2025-10-07,Agent_051,Team E,Banking Support,Chat,Billing Issue,Coached,7-12 months,Morning,Evaluator 4,88.7,555.0,4.21,35,95.2,74.0,Met,No
2025-08-05,Agent_097,Team B,Claims,Voice,Billing Issue,Coached,12+ months,Mid,Evaluator 2,81.8,784.0,3.98,22,90.6,86.1,Not Met,No
2025-09-09,Agent_092,Team E,Banking Support,Voice,Policy Question,Not Coached,12+ months,Mid,Evaluator 1,76.8,741.0,3.26,12,89.8,71.6,Not Met,No
2025-07-07,Agent_111,Team C,Retail Support,Voice,Cancellation,Coached,4-6 months,Night,Evaluator 2,71.7,842.0,3.94,35,83.7,68.9,Not Met,Yes
2025-02-10,Agent_008,Team D,Sales,Voice,Cancellation,Not Coached,4-6 months,Mid,Evaluator 3,76.5,659.0,3.94,17,86.0,78.2,Not Met,No
2025-06-06,Agent_034,Team A,Claims,Chat,Account Access,Coached,0-3 months,Morning,Evaluator 3,84.6,502.0,4.2,44,93.2,74.6,Not Met,No
2025-01-15,Agent_035,Team D,Banking Support,Voice,Billing Issue,Not Coached,7-12 months,Night,Evaluator 2,78.8,688.0,4.05,29,92.5,77.1,Not Met,No
2025-10-28,Agent_096,Team C,Tech Support,Voice,Upsell Inquiry,Coached,7-12 months,Night,Evaluator 4,88.0,697.0,4.3,47,93.0,76.5,Met,No
2025-03-06,Agent_088,Team D,Claims,Voice,Escalation,Coached,12+ months,Mid,Evaluator 1,91.4,776.0,3.8,34,97.0,76.3,Met,No
2025-12-11,Agent_078,Team B,Billing,Voice,Complaint,Not Coached,12+ months,Mid,Evaluator 2,82.3,666.0,3.84,19,83.9,85.7,Not Met,Yes
2025-11-23,Agent_032,Team E,Retail Support,Voice,Cancellation,Not Coached,4-6 months,Night,Evaluator 2,66.7,758.0,3.51,17,81.1,67.0,Not Met,Yes
2025-01-09,Agent_120,Team F,Retail Support,Chat,Order Status,Not Coached,7-12 months,Mid,Evaluator 3,78.7,495.0,3.84,36,90.5,85.1,Not Met,No
2025-12-10,Agent_046,Team B,Tech Support,Voice,Account Access,Coached,12+ months,Night,Evaluator 4,70.6,670.0,3.77,28,86.4,79.2,Not Met,Yes
2025-05-09,Agent_107,Team A,Banking Support,Voice,Complaint,Coached,12+ months,Morning,Evaluator 1,80.4,788.0,3.53,28,91.2,79.1,Not Met,No
2025-05-16,Agent_016,Team A,Claims,Voice,Account Access,Coached,0-3 months,Morning,Evaluator 2,81.5,665.0,4.05,37,94.2,75.4,Not Met,No
2025-03-04,Agent_068,Team D,Banking Support,Chat,Upsell Inquiry,Not Coached,4-6 months,Mid,Evaluator 1,87.9,430.0,4.59,55,87.5,87.2,Met,No
2025-05-19,Agent_116,Team D,Retail Support,Voice,Policy Question,Coached,4-6 months,Mid,Evaluator 1,87.1,680.0,4.41,46,93.4,73.7,Met,No
2025-03-22,Agent_037,Team D,Banking Support,Chat,Policy Question,Coached,4-6 months,Night,Evaluator 2,82.1,448.0,4.0,37,91.1,82.2,Not Met,No
2025-06-12,Agent_054,Team B,Retail Support,Chat,Billing Issue,Coached,0-3 months,Night,Evaluator 1,83.8,542.0,3.97,35,85.8,81.1,Not Met,No
2025-10-16,Agent_085,Team C,Banking Support,Email,Policy Question,Not Coached,0-3 months,Morning,Evaluator 3,82.9,349.0,4.36,33,78.5,75.8,Not Met,Yes
2025-09-18,Agent_014,Team D,Tech Support,Voice,Account Access,Coached,7-12 months,Morning,Evaluator 4,78.7,683.0,4.09,48,92.7,80.4,Not Met,No
2025-08-19,Agent_095,Team C,Sales,Voice,Order Status,Not Coached,4-6 months,Night,Evaluator 4,69.5,672.0,3.84,52,91.4,72.6,Not Met,Yes
2025-02-10,Agent_055,Team F,Tech Support,Chat,Billing Issue,Coached,0-3 months,Mid,Evaluator 4,73.1,562.0,3.93,31,84.4,70.1,Not Met,Yes
2025-01-28,Agent_048,Team A,Tech Support,Email,Refund Request,Not Coached,4-6 months,Morning,Evaluator 3,88.4,552.0,4.32,44,89.5,71.7,Met,No
2025-05-15,Agent_082,Team E,Sales,Email,Complaint,Coached,12+ months,Mid,Evaluator 3,79.3,525.0,3.81,37,84.7,78.3,Not Met,Yes
2025-07-20,Agent_007,Team C,Sales,Voice,Upsell Inquiry,Not Coached,12+ months,Mid,Evaluator 3,83.9,531.0,4.12,43,86.8,82.2,Not Met,No
2025-11-24,Agent_074,Team C,Claims,Voice,Billing Issue,Not Coached,7-12 months,Night,Evaluator 4,71.0,772.0,3.82,29,88.7,63.6,Not Met,Yes
2025-09-25,Agent_007,Team E,Claims,Voice,Account Access,Coached,4-6 months,Mid,Evaluator 1,73.6,775.0,3.74,17,89.2,71.6,Not Met,Yes
2025-02-02,Agent_033,Team E,Tech Support,Chat,Complaint,Not Coached,12+ months,Morning,Evaluator 3,80.0,661.0,4.03,46,89.3,78.4,Not Met,No
2025-02-17,Agent_023,Team F,Tech Support,Voice,Order Status,Coached,4-6 months,Night,Evaluator 2,74.6,646.0,3.95,38,81.7,69.9,Not Met,Yes
2025-03-03,Agent_085,Team A,Retail Support,Voice,Technical Troubleshooting,Not Coached,4-6 months,Mid,Evaluator 3,78.0,737.0,3.76,33,88.4,70.8,Not Met,No
2025-08-04,Agent_019,Team A,Retail Support,Chat,Upsell Inquiry,Not Coached,4-6 months,Morning,Evaluator 2,76.7,614.0,4.02,31,86.6,78.4,Not Met,No
2025-10-20,Agent_112,Team E,Claims,Voice,Account Access,Coached,0-3 months,Morning,Evaluator 4,75.6,683.0,3.43,20,83.4,74.4,Not Met,Yes
2025-04-09,Agent_019,Team D,Billing,Email,Upsell Inquiry,Coached,4-6 months,Mid,Evaluator 2,81.3,604.0,4.17,24,90.4,83.1,Not Met,No
2025-06-21,Agent_036,Team B,Billing,Voice,Cancellation,Coached,12+ months,Morning,Evaluator 3,87.1,824.0,4.04,40,96.7,71.5,Met,No
2025-12-26,Agent_029,Team A,Claims,Voice,Technical Troubleshooting,Coached,7-12 months,Morning,Evaluator 3,80.8,859.0,3.7,37,94.1,69.8,Not Met,No
2025-08-02,Agent_060,Team A,Retail Support,Voice,Complaint,Coached,4-6 months,Mid,Evaluator 1,82.0,721.0,3.75,33,96.8,81.2,Not Met,No
2025-02-04,Agent_082,Team F,Retail Support,Chat,Policy Question,Coached,12+ months,Morning,Evaluator 4,93.5,489.0,4.03,28,89.9,77.9,Met,No
2025-08-15,Agent_002,Team B,,Voice,Account Access,Coached,0-3 months,Mid,Evaluator 2,69.9,660.0,3.9,36,83.1,75.3,Not Met,Yes
2025-04-11,Agent_001,Team C,Banking Support,Voice,Upsell Inquiry,Not Coached,4-6 months,Morning,Evaluator 4,79.3,617.0,3.91,37,91.6,82.6,Not Met,No
2025-05-11,Agent_047,Team B,Banking Support,Email,Complaint,Coached,7-12 months,Mid,Evaluator 3,85.9,532.0,4.48,38,93.8,82.5,Met,No
2025-09-14,Agent_069,Team C,Retail Support,Voice,Policy Question,Coached,7-12 months,Morning,Evaluator 1,87.3,600.0,4.3,45,87.1,79.8,Met,No
2025-01-05,Agent_020,Team A,Banking Support,Voice,Order Status,Not Coached,0-3 months,Morning,Evaluator 3,83.2,587.0,4.16,44,89.8,80.0,Not Met,No
2025-08-06,Agent_011,Team D,Sales,Voice,Order Status,Coached,4-6 months,Morning,Evaluator 3,89.7,657.0,4.01,33,94.0,77.6,Met,No
2025-09-12,Agent_106,Team A,Claims,Voice,Upsell Inquiry,Coached,7-12 months,Night,Evaluator 3,90.9,596.0,3.9,31,93.5,82.0,Met,No
2025-12-25,Agent_002,Team E,Claims,Chat,Billing Issue,Coached,7-12 months,Night,Evaluator 2,86.3,619.0,4.3,35,85.8,74.4,Met,No
2025-10-10,Agent_067,Team B,Retail Support,Voice,Cancellation,Not Coached,7-12 months,Morning,Evaluator 3,87.6,611.0,3.93,26,88.7,81.5,Met,No
2025-07-26,Agent_087,Team D,Tech Support,Voice,Billing Issue,,4-6 months,Night,Evaluator 4,74.3,795.0,3.85,33,89.4,73.2,Not Met,Yes
2025-01-15,Agent_119,Team F,Billing,Voice,Cancellation,Coached,0-3 months,Mid,Evaluator 4,74.0,719.0,3.97,37,88.0,65.7,Not Met,Yes
2025-12-12,Agent_012,Team D,Retail Support,Chat,Account Access,Not Coached,4-6 months,Night,Evaluator 1,81.8,563.0,4.03,46,93.4,77.7,Not Met,No
2025-02-11,Agent_020,Team D,Banking Support,Voice,Refund Request,Coached,0-3 months,Morning,Evaluator 4,81.5,702.0,4.14,40,88.1,64.1,Not Met,No
2025-06-28,Agent_005,Team C,Billing,Voice,Upsell Inquiry,Not Coached,12+ months,Mid,Evaluator 3,84.1,529.0,4.11,38,85.5,81.1,Not Met,No
2025-03-04,Agent_037,Team C,Tech Support,Voice,Escalation,Not Coached,7-12 months,Morning,Evaluator 3,72.4,800.0,3.94,27,96.2,70.4,Not Met,Yes
2025-12-18,Agent_038,Team D,Banking Support,Voice,Upsell Inquiry,Not Coached,4-6 months,Morning,Evaluator 4,86.3,664.0,4.02,29,90.0,82.1,Met,No
2025-08-19,Agent_094,Team F,Sales,Voice,Technical Troubleshooting,Coached,12+ months,Night,Evaluator 1,88.6,713.0,3.93,28,95.4,77.9,Met,No
2025-08-29,Agent_009,Team D,Banking Support,Voice,Policy Question,Coached,7-12 months,Mid,Evaluator 1,83.4,737.0,3.95,45,94.8,79.0,Not Met,No
2025-02-21,Agent_098,Team D,Sales,Chat,Technical Troubleshooting,Coached,4-6 months,Morning,Evaluator 4,86.7,529.0,4.09,43,91.7,74.2,Met,No
2025-04-06,Agent_053,Team E,Billing,Voice,Order Status,Not Coached,12+ months,Morning,Evaluator 2,78.4,581.0,3.65,28,87.2,79.3,Not Met,No
2025-08-10,Agent_044,Team C,Sales,Email,Cancellation,Not Coached,12+ months,Mid,Evaluator 2,77.9,410.0,3.91,18,79.3,78.3,Not Met,Yes
2025-08-19,Agent_099,Team A,Billing,Email,Policy Question,Not Coached,7-12 months,Mid,Evaluator 2,85.2,462.0,4.35,47,88.0,85.3,Met,No
2025-08-25,Agent_116,Team D,Billing,Voice,Order Status,Not Coached,0-3 months,Morning,Evaluator 2,68.4,621.0,3.64,19,88.1,69.2,Not Met,Yes
2025-05-23,Agent_086,Team F,Billing,Voice,Policy Question,Coached,7-12 months,Night,Evaluator 4,70.7,822.0,3.72,17,81.7,73.0,Not Met,Yes
2025-06-20,Agent_108,Team B,Billing,Voice,Billing Issue,Not Coached,12+ months,Morning,Evaluator 1,77.2,754.0,3.64,18,91.5,69.9,Not Met,No
2025-01-29,Agent_024,Team E,Billing,Chat,Order Status,Not Coached,0-3 months,Morning,Evaluator 3,75.2,528.0,3.78,22,85.4,74.1,Not Met,No
2025-02-05,Agent_081,Team B,Banking Support,Voice,Billing Issue,Not Coached,4-6 months,Night,Evaluator 3,79.4,725.0,3.8,37,91.7,80.9,Not Met,No
2025-01-13,Agent_074,Team D,Billing,Voice,Billing Issue,Not Coached,12+ months,Morning,Evaluator 4,86.1,701.0,3.85,34,93.9,78.9,Met,No
2025-06-09,Agent_030,Team A,Banking Support,Voice,Policy Question,Not Coached,0-3 months,Morning,Evaluator 3,72.5,722.0,3.53,20,91.6,71.8,Not Met,Yes
2025-11-23,Agent_120,Team C,Billing,Chat,Complaint,Coached,12+ months,Mid,Evaluator 2,81.7,569.0,3.99,28,96.2,68.4,Not Met,No
2025-07-06,Agent_059,Team E,Sales,Chat,Technical Troubleshooting,Not Coached,7-12 months,Night,Evaluator 1,75.3,562.0,3.72,30,91.0,74.0,Not Met,No
2025-08-31,Agent_110,Team C,Billing,Voice,Order Status,Coached,4-6 months,Morning,Evaluator 4,80.3,535.0,3.86,36,88.5,78.5,Not Met,No
2025-03-27,Agent_087,Team D,Tech Support,Chat,Escalation,Not Coached,0-3 months,Night,Evaluator 1,68.1,630.0,4.07,38,85.8,71.4,Not Met,Yes
2025-10-11,Agent_096,Team E,Billing,Voice,Complaint,Not Coached,12+ months,Night,Evaluator 4,74.8,707.0,4.02,21,88.4,79.5,Not Met,Yes
2025-03-07,Agent_081,Team F,Billing,Voice,Technical Troubleshooting,Coached,4-6 months,Morning,Evaluator 4,78.8,744.0,3.56,22,88.5,73.1,Not Met,No
2025-06-19,Agent_114,Team B,Sales,Email,Order Status,Not Coached,7-12 months,Mid,Evaluator 4,91.1,354.0,4.59,67,94.3,86.8,Met,No
2025-02-14,Agent_115,Team C,Claims,Voice,Cancellation,Coached,7-12 months,Morning,Evaluator 4,72.4,792.0,3.67,15,91.2,73.2,Not Met,Yes
2025-03-03,Agent_081,Team B,Sales,Voice,Technical Troubleshooting,Coached,7-12 months,Morning,Evaluator 1,81.5,762.0,3.76,32,90.8,73.2,Not Met,No
2025-05-14,Agent_014,Team F,Tech Support,Voice,Escalation,Coached,12+ months,Night,Evaluator 3,77.4,826.0,3.63,42,96.2,71.5,Not Met,No
2025-10-11,Agent_009,Team F,Claims,Email,Upsell Inquiry,Not Coached,7-12 months,Night,Evaluator 4,86.9,526.0,4.06,34,88.1,74.3,Met,No
2025-01-28,Agent_040,Team D,Retail Support,Chat,Account Access,Not Coached,4-6 months,Morning,Evaluator 2,83.1,532.0,4.49,60,85.8,81.8,Not Met,No
2025-04-18,Agent_066,Team F,Retail Support,Chat,Billing Issue,Not Coached,12+ months,Mid,Evaluator 4,92.2,494.0,3.77,26,90.5,78.2,Met,No
2025-02-13,Agent_109,Team D,Tech Support,Chat,Account Access,Coached,7-12 months,Mid,Evaluator 1,75.4,609.0,3.61,13,89.0,80.2,Not Met,No
2025-12-06,Agent_025,Team D,Sales,Voice,Complaint,Not Coached,4-6 months,Morning,Evaluator 4,84.5,559.0,4.08,33,92.6,74.7,Not Met,No
2025-10-13,Agent_103,Team A,Banking Support,Voice,Upsell Inquiry,Not Coached,0-3 months,Morning,Evaluator 2,79.6,634.0,4.06,32,85.3,69.5,Not Met,No
2025-11-27,Agent_073,Team E,Tech Support,Voice,Billing Issue,Coached,12+ months,Morning,Evaluator 1,70.8,732.0,3.85,14,88.7,76.3,Not Met,Yes
2025-05-08,Agent_118,Team A,Claims,Voice,Order Status,Coached,4-6 months,Mid,Evaluator 4,75.7,779.0,4.02,32,94.6,70.3,Not Met,No
2025-12-14,Agent_022,Team E,Claims,Voice,Complaint,Coached,7-12 months,Mid,Evaluator 2,64.6,784.0,3.51,28,85.8,70.5,Not Met,Yes
2025-08-19,Agent_107,Team E,Billing,Email,Escalation,Not Coached,7-12 months,Morning,Evaluator 1,83.2,462.0,3.82,25,88.4,73.3,Not Met,No
2025-07-09,Agent_110,Team E,Retail Support,Voice,Policy Question,Not Coached,0-3 months,Night,Evaluator 4,68.4,708.0,3.73,22,79.8,67.6,Not Met,Yes
2025-08-13,Agent_004,Team A,Claims,Voice,Order Status,Not Coached,7-12 months,Night,Evaluator 2,83.1,745.0,4.29,52,92.2,74.8,Not Met,No
2025-10-10,Agent_026,Team B,Tech Support,Voice,Technical Troubleshooting,Coached,0-3 months,Mid,Evaluator 1,68.6,855.0,3.84,24,89.4,67.8,Not Met,Yes
2025-05-01,Agent_058,Team B,Claims,Voice,Policy Question,Not Coached,4-6 months,Morning,Evaluator 4,72.2,773.0,3.92,37,87.9,75.0,Not Met,Yes
2025-04-26,Agent_029,Team C,Tech Support,Email,Complaint,Coached,7-12 months,Mid,Evaluator 1,79.1,458.0,3.88,18,89.0,80.4,Not Met,No
2025-08-21,Agent_109,Team A,Banking Support,Voice,Technical Troubleshooting,Coached,4-6 months,Morning,Evaluator 2,83.3,652.0,4.11,31,93.6,88.5,Not Met,No
2025-09-16,Agent_098,Team F,Billing,Voice,Escalation,Not Coached,12+ months,Morning,Evaluator 4,84.2,670.0,,26,89.5,77.7,Not Met,No
2025-12-25,Agent_087,Team D,Retail Support,Chat,Account Access,Coached,12+ months,Mid,Evaluator 4,91.4,498.0,4.59,57,96.8,74.5,Met,No
2025-07-17,Agent_037,Team B,,Voice,Technical Troubleshooting,Not Coached,12+ months,Morning,Evaluator 4,80.1,914.0,3.48,15,95.6,70.1,Not Met,No
2025-05-17,Agent_075,Team C,Tech Support,Voice,Account Access,Coached,0-3 months,Morning,Evaluator 2,73.9,678.0,3.64,18,81.8,71.1,Not Met,Yes
2025-11-14,Agent_070,Team C,Sales,Voice,Billing Issue,Not Coached,0-3 months,Morning,Evaluator 3,76.5,573.0,3.54,26,90.4,70.6,Not Met,No
2025-06-14,Agent_018,Team D,Retail Support,Voice,Cancellation,Coached,7-12 months,Morning,Evaluator 4,78.8,720.0,3.97,38,91.6,75.9,Not Met,No
2025-08-13,Agent_085,Team D,Banking Support,Email,Refund Request,Not Coached,12+ months,Morning,Evaluator 2,89.4,493.0,4.16,32,99.2,78.1,Met,No
2025-11-03,Agent_042,Team F,Tech Support,Chat,Order Status,Coached,12+ months,Night,Evaluator 1,89.2,535.0,4.45,39,90.6,81.2,Met,No
2025-08-22,Agent_100,Team C,Billing,Voice,Refund Request,Coached,12+ months,Morning,Evaluator 1,84.6,682.0,4.09,42,93.1,68.1,Not Met,No
2025-06-21,Agent_041,Team F,Billing,Chat,Billing Issue,Not Coached,4-6 months,Morning,Evaluator 2,84.9,597.0,3.77,21,90.1,79.8,Not Met,No
2025-06-01,Agent_038,Team F,Banking Support,Voice,Technical Troubleshooting,Coached,4-6 months,Morning,Evaluator 3,78.4,861.0,,33,88.5,63.9,Not Met,No
2025-11-11,Agent_034,Team B,Banking Support,Voice,Billing Issue,Not Coached,7-12 months,Night,Evaluator 2,77.3,701.0,3.62,23,90.8,73.8,Not Met,No
2025-06-09,Agent_017,Team F,Billing,Voice,Refund Request,Not Coached,0-3 months,Mid,Evaluator 1,68.4,796.0,3.54,35,90.6,66.1,Not Met,Yes
2025-04-06,Agent_037,Team A,Claims,Voice,Refund Request,Coached,0-3 months,Morning,Evaluator 1,69.3,778.0,3.87,37,88.1,72.8,Not Met,Yes
2025-08-21,Agent_025,Team E,Claims,Voice,Order Status,Coached,12+ months,Night,Evaluator 4,76.6,758.0,3.56,29,87.9,72.8,Not Met,No
2025-06-29,Agent_102,Team C,Tech Support,Chat,,Not Coached,4-6 months,Morning,Evaluator 3,67.7,558.0,4.16,31,81.4,76.2,Not Met,Yes
2025-04-23,Agent_076,Team F,Sales,Email,Upsell Inquiry,Not Coached,4-6 months,Morning,Evaluator 2,97.1,339.0,4.7,56,93.4,85.4,Met,No
2025-11-14,Agent_087,Team F,Tech Support,Voice,Billing Issue,Not Coached,0-3 months,Morning,Evaluator 1,68.7,,3.7,34,83.2,73.7,Not Met,Yes
2025-02-21,Agent_117,Team E,Sales,Voice,Cancellation,Coached,12+ months,Morning,Evaluator 1,85.1,660.0,3.76,30,94.2,75.8,Met,No
2025-09-25,Agent_106,Team E,Banking Support,Voice,Upsell Inquiry,Not Coached,7-12 months,Morning,Evaluator 1,72.0,658.0,3.8,25,85.2,75.8,Not Met,Yes
2025-10-22,Agent_086,Team B,Retail Support,Voice,Billing Issue,Coached,7-12 months,Mid,Evaluator 2,85.4,688.0,3.84,33,96.1,83.8,Met,No
2025-04-23,Agent_085,Team A,Tech Support,Voice,Escalation,Not Coached,12+ months,Morning,Evaluator 2,76.8,919.0,3.81,16,94.9,75.0,Not Met,No
2025-04-11,Agent_027,Team C,Tech Support,Voice,Complaint,Not Coached,4-6 months,Mid,Evaluator 3,63.0,835.0,3.36,32,84.6,67.9,Not Met,Yes
2025-04-23,Agent_057,Team B,Sales,Chat,Complaint,Coached,7-12 months,Morning,Evaluator 4,89.1,467.0,4.26,36,89.6,86.0,Met,No
2025-03-22,Agent_031,Team E,Banking Support,Voice,Refund Request,Coached,0-3 months,Morning,Evaluator 4,68.4,720.0,4.16,30,82.9,71.7,Not Met,Yes
2025-07-06,Agent_006,Team C,Banking Support,Voice,Complaint,Coached,0-3 months,Morning,Evaluator 4,63.0,818.0,3.24,6,83.8,64.7,Not Met,Yes
2025-04-23,Agent_091,Team F,Sales,Voice,Account Access,Coached,12+ months,Night,Evaluator 1,89.8,643.0,3.75,35,96.2,76.8,Met,No
2025-01-02,Agent_040,Team D,Banking Support,Voice,Cancellation,Not Coached,12+ months,Morning,Evaluator 4,77.5,827.0,3.72,33,92.8,67.4,Not Met,No
2025-05-10,Agent_098,Team E,Billing,Voice,Complaint,Coached,4-6 months,Mid,Evaluator 1,65.9,693.0,3.93,27,83.0,63.4,Not Met,Yes
2025-08-08,Agent_012,Team A,Claims,Chat,Technical Troubleshooting,Coached,4-6 months,Morning,Evaluator 3,83.5,631.0,4.23,22,90.5,72.8,Not Met,No
2025-02-23,Agent_109,Team F,Billing,Voice,Account Access,Coached,7-12 months,Morning,Evaluator 1,88.5,627.0,4.18,32,90.7,77.4,Met,No
2025-12-09,Agent_053,Team F,Retail Support,Chat,Upsell Inquiry,Not Coached,0-3 months,Morning,Evaluator 3,69.3,443.0,3.68,34,78.2,77.4,Not Met,Yes
2025-08-12,Agent_071,Team C,Tech Support,Voice,Account Access,Not Coached,4-6 months,Morning,Evaluator 3,76.7,682.0,3.65,27,84.7,66.8,Not Met,Yes
2025-08-13,Agent_010,Team D,Retail Support,Voice,Billing Issue,Coached,4-6 months,Morning,Evaluator 4,77.1,686.0,3.75,30,93.4,65.4,Not Met,No
2025-05-06,Agent_045,Team E,Tech Support,Voice,Refund Request,Coached,4-6 months,Morning,Evaluator 4,75.5,797.0,3.7,20,85.8,76.1,Not Met,No
2025-05-10,Agent_017,Team B,Claims,Chat,Order Status,Not Coached,12+ months,Night,Evaluator 1,90.7,609.0,4.02,23,91.7,78.2,Met,No
2025-02-22,Agent_026,Team D,Banking Support,Voice,Order Status,Not Coached,4-6 months,Morning,Evaluator 2,77.3,568.0,3.71,39,91.1,82.8,Not Met,No
2025-06-21,Agent_085,Team C,Billing,Chat,Escalation,Coached,0-3 months,Mid,Evaluator 4,64.4,523.0,3.87,19,84.5,81.0,Not Met,Yes
2025-08-06,Agent_092,Team A,Sales,Voice,Cancellation,Coached,7-12 months,Morning,Evaluator 4,91.9,709.0,4.12,36,96.2,79.3,Met,No
2025-06-09,Agent_062,Team C,Billing,Chat,Billing Issue,Coached,12+ months,Mid,Evaluator 2,87.0,535.0,3.93,23,95.7,79.2,Met,No
2025-07-17,Agent_046,Team A,Claims,Voice,Order Status,Coached,4-6 months,Mid,Evaluator 2,75.2,697.0,3.93,43,86.0,73.5,Not Met,No
2025-09-04,Agent_064,Team A,Retail Support,Chat,Refund Request,Not Coached,0-3 months,Morning,Evaluator 4,86.9,600.0,4.34,48,86.7,77.5,Met,No
2025-11-20,Agent_002,Team A,Sales,Voice,Upsell Inquiry,Not Coached,4-6 months,Morning,Evaluator 2,88.1,519.0,4.53,44,98.3,77.6,Met,No
2025-07-22,Agent_054,Team F,Banking Support,Email,Order Status,Coached,12+ months,Mid,Evaluator 1,90.6,425.0,3.75,37,93.2,80.0,Met,No
2025-07-03,Agent_107,Team D,Claims,Voice,Technical Troubleshooting,Not Coached,7-12 months,Night,Evaluator 3,73.1,783.0,3.86,20,90.3,64.9,Not Met,Yes
2025-05-03,Agent_065,Team F,Sales,Voice,Account Access,Coached,12+ months,Morning,Evaluator 3,80.1,489.0,4.8,49,91.6,80.6,Not Met,No
2025-09-12,Agent_051,Team C,Claims,Voice,Order Status,Not Coached,12+ months,Morning,Evaluator 4,82.4,702.0,3.95,22,93.0,78.8,Not Met,No
2025-10-21,Agent_053,Team B,Claims,Chat,Billing Issue,Not Coached,12+ months,Night,Evaluator 4,78.2,541.0,4.08,45,87.6,84.3,Not Met,No
2025-10-07,Agent_036,Team D,Banking Support,Voice,Complaint,Coached,7-12 months,Morning,Evaluator 1,91.1,695.0,4.27,43,96.2,76.4,Met,No
2025-11-21,Agent_115,Team C,Tech Support,Chat,Complaint,Coached,7-12 months,Mid,Evaluator 2,81.2,585.0,4.04,38,88.0,73.4,Not Met,No
2025-04-08,Agent_026,Team A,Sales,Voice,Upsell Inquiry,Not Coached,0-3 months,Morning,Evaluator 4,80.4,574.0,4.15,35,85.5,78.8,Not Met,No
2025-07-17,Agent_029,Team D,Banking Support,Voice,Complaint,Coached,12+ months,Morning,Evaluator 3,87.0,691.0,3.96,40,93.2,77.1,Met,No
2025-08-28,Agent_021,Team B,Claims,Voice,Upsell Inquiry,Coached,4-6 months,Mid,Evaluator 1,81.5,697.0,3.96,25,89.6,72.8,Not Met,No
2025-05-24,Agent_011,Team D,Banking Support,Email,Billing Issue,Coached,0-3 months,Mid,Evaluator 1,79.9,525.0,4.16,32,87.3,70.8,Not Met,No
2025-04-07,Agent_040,Team D,Tech Support,Chat,Cancellation,Not Coached,7-12 months,Morning,Evaluator 2,81.8,629.0,4.18,37,94.0,85.2,Not Met,No
2025-07-20,Agent_011,Team B,Billing,Email,Complaint,Coached,4-6 months,Mid,Evaluator 4,86.8,500.0,4.02,29,87.6,81.6,Met,No
2025-05-04,Agent_036,Team A,Sales,Voice,Escalation,Not Coached,7-12 months,Night,Evaluator 4,82.9,680.0,3.87,39,92.4,79.5,Not Met,No
2025-07-06,Agent_113,Team E,Tech Support,Chat,Refund Request,Coached,7-12 months,Mid,Evaluator 1,77.8,618.0,3.5,18,89.9,72.3,Not Met,No
2025-11-22,Agent_059,Team C,,Chat,Account Access,Not Coached,4-6 months,Morning,Evaluator 3,79.6,563.0,3.84,21,86.6,75.4,Not Met,No
2025-12-15,Agent_039,Team A,Sales,Voice,Complaint,Not Coached,12+ months,Mid,Evaluator 4,86.3,673.0,4.21,30,95.7,76.9,Met,No
2025-09-16,Agent_104,Team F,Tech Support,Chat,Upsell Inquiry,Not Coached,4-6 months,Mid,Evaluator 3,78.2,615.0,4.02,40,85.5,78.0,Not Met,No
2025-05-28,Agent_099,Team A,Claims,Email,Billing Issue,Coached,4-6 months,Night,Evaluator 1,88.2,564.0,3.88,15,93.5,83.5,Met,No
2025-09-09,Agent_054,Team E,Sales,Email,Complaint,Not Coached,7-12 months,Mid,Evaluator 4,71.3,382.0,3.69,20,89.4,74.4,Not Met,Yes
2025-12-12,Agent_098,Team F,Sales,Chat,Order Status,Not Coached,7-12 months,Morning,Evaluator 3,94.8,394.0,4.15,50,93.1,76.9,Met,No
2025-05-27,Agent_055,Team B,Banking Support,Voice,Complaint,Coached,12+ months,Mid,Evaluator 1,84.3,732.0,4.15,34,86.8,78.5,Not Met,No
2025-05-28,Agent_111,Team A,Claims,Voice,Upsell Inquiry,Coached,4-6 months,Mid,Evaluator 3,80.5,733.0,3.83,38,93.1,72.3,Not Met,No
2025-12-18,Agent_024,Team A,Retail Support,Email,Technical Troubleshooting,Coached,7-12 months,Morning,Evaluator 4,95.0,676.0,3.71,34,96.7,80.4,Met,No
2025-07-18,Agent_118,Team B,Billing,Voice,Technical Troubleshooting,Coached,0-3 months,Morning,Evaluator 2,62.3,758.0,3.68,26,86.6,69.6,Not Met,Yes
2025-11-04,Agent_022,Team A,Tech Support,Chat,Complaint,Not Coached,12+ months,Morning,Evaluator 3,84.1,638.0,4.11,25,90.2,73.0,Not Met,No
2025-05-08,Agent_069,Team E,Banking Support,Chat,Account Access,Coached,4-6 months,Mid,Evaluator 2,79.4,564.0,4.22,25,84.9,68.4,Not Met,Yes
2025-02-08,Agent_056,Team A,Tech Support,Chat,Billing Issue,Coached,7-12 months,Morning,Evaluator 4,84.0,597.0,4.05,27,89.2,80.8,Not Met,No
2025-12-04,Agent_033,Team D,Retail Support,Email,Escalation,Not Coached,0-3 months,Mid,Evaluator 2,77.0,610.0,4.16,42,89.4,75.9,Not Met,No
2025-12-26,Agent_036,Team F,Retail Support,Voice,Escalation,Coached,4-6 months,Night,Evaluator 1,83.9,646.0,4.15,42,97.5,78.9,Not Met,No
2025-05-09,Agent_111,Team E,Sales,Voice,Complaint,Coached,7-12 months,Night,Evaluator 2,64.9,692.0,3.59,16,87.0,75.4,Not Met,Yes
2025-09-24,Agent_020,Team D,Retail Support,Voice,Complaint,Coached,12+ months,Night,Evaluator 3,87.4,742.0,4.23,38,92.1,61.0,Met,No
2025-05-31,Agent_083,Team B,Tech Support,Voice,Technical Troubleshooting,Not Coached,7-12 months,Night,Evaluator 3,69.6,923.0,3.74,27,89.6,71.9,Not Met,Yes
2025-10-25,Agent_099,Team D,Claims,Voice,Upsell Inquiry,Not Coached,12+ months,Morning,Evaluator 2,84.7,688.0,3.69,30,85.9,70.5,Not Met,No
2025-04-09,Agent_116,Team D,Claims,Voice,Account Access,Not Coached,7-12 months,Mid,Evaluator 1,81.8,759.0,4.25,33,88.0,66.4,Not Met,No
2025-09-20,Agent_107,Team C,Sales,Chat,Complaint,Coached,7-12 months,Morning,Evaluator 4,81.5,481.0,4.07,48,89.6,71.3,Not Met,No
2025-09-09,Agent_081,Team A,Billing,Email,Escalation,Not Coached,0-3 months,Night,Evaluator 2,72.5,491.0,3.65,37,84.7,68.7,Not Met,Yes
2025-05-24,Agent_062,Team F,Tech Support,Voice,Billing Issue,Coached,12+ months,Morning,Evaluator 3,84.1,708.0,3.79,30,95.8,77.2,Not Met,No
2025-12-12,Agent_109,Team C,Tech Support,Voice,Cancellation,Coached,4-6 months,Night,Evaluator 3,73.0,726.0,3.6,20,82.6,69.4,Not Met,Yes
2025-04-22,Agent_107,Team B,Retail Support,Email,Order Status,Coached,12+ months,Mid,Evaluator 2,92.3,411.0,4.12,32,96.2,77.0,Met,No
2025-03-01,Agent_098,Team C,Tech Support,Voice,Complaint,Not Coached,12+ months,Night,Evaluator 2,70.8,812.0,3.63,27,93.3,72.0,Not Met,Yes
2025-01-02,Agent_073,Team C,Banking Support,Voice,Upsell Inquiry,Coached,12+ months,Morning,Evaluator 2,80.8,644.0,3.9,26,92.4,72.2,Not Met,No
2025-10-31,Agent_026,Team E,Billing,Voice,Complaint,,7-12 months,Morning,Evaluator 4,74.8,731.0,3.75,26,88.2,77.2,Not Met,Yes
2025-09-11,Agent_066,Team E,Retail Support,Voice,Upsell Inquiry,Coached,7-12 months,Night,Evaluator 3,77.1,693.0,3.83,12,89.6,79.9,Not Met,No
2025-05-20,Agent_117,Team E,Banking Support,Voice,Account Access,Coached,12+ months,Morning,Evaluator 3,80.3,652.0,4.05,27,88.6,75.0,Not Met,No
2025-02-06,Agent_073,Team A,Sales,Email,Cancellation,Not Coached,0-3 months,Night,Evaluator 3,78.9,594.0,3.81,33,81.0,80.3,Not Met,Yes
2025-06-09,Agent_073,Team C,Claims,Voice,Refund Request,Coached,7-12 months,Morning,Evaluator 4,71.6,792.0,4.04,39,85.8,77.9,Not Met,Yes
2025-01-09,Agent_040,Team C,Sales,Voice,Billing Issue,Not Coached,0-3 months,Mid,Evaluator 1,67.6,609.0,3.56,17,84.2,72.6,Not Met,Yes
2025-08-21,Agent_017,Team A,Claims,Voice,Billing Issue,Coached,7-12 months,Morning,Evaluator 3,81.6,718.0,4.12,26,89.8,83.1,Not Met,No
2025-04-09,Agent_001,Team B,Sales,Voice,Upsell Inquiry,Not Coached,0-3 months,Mid,Evaluator 3,76.8,520.0,4.36,46,85.1,73.1,Not Met,No
2025-05-27,Agent_089,Team E,Tech Support,Chat,Technical Troubleshooting,Not Coached,0-3 months,Mid,Evaluator 1,75.7,699.0,3.67,24,84.1,62.0,Not Met,Yes
2025-10-31,Agent_061,Team A,Banking Support,Chat,Upsell Inquiry,Coached,4-6 months,Morning,Evaluator 4,87.7,376.0,4.33,31,92.6,76.0,Met,No
2025-07-27,Agent_043,Team D,Claims,Chat,Technical Troubleshooting,Coached,4-6 months,Morning,Evaluator 1,84.0,739.0,3.69,15,94.1,71.0,Not Met,No
2025-05-11,Agent_104,Team B,Retail Support,Voice,Policy Question,Not Coached,7-12 months,Morning,Evaluator 1,95.4,520.0,3.97,30,91.3,81.0,Met,No
2025-06-01,Agent_042,Team A,Banking Support,Email,Escalation,Not Coached,0-3 months,Mid,Evaluator 1,85.0,552.0,4.36,43,89.5,71.1,Met,No
2025-02-23,Agent_025,Team B,Retail Support,Chat,Billing Issue,Coached,7-12 months,Mid,Evaluator 1,89.1,447.0,4.37,54,89.5,78.6,Met,No
2025-04-30,Agent_039,Team F,Banking Support,Chat,Account Access,Coached,0-3 months,Mid,Evaluator 4,73.6,481.0,4.16,30,83.1,71.9,Not Met,Yes
2025-06-10,Agent_035,Team E,Banking Support,Voice,Upsell Inquiry,Not Coached,7-12 months,Mid,Evaluator 4,81.7,624.0,3.44,25,85.9,72.1,Not Met,No
2025-04-26,Agent_003,Team F,Sales,Voice,Account Access,Not Coached,7-12 months,Mid,Evaluator 1,81.4,706.0,3.71,12,87.1,79.7,Not Met,No
2025-03-16,Agent_114,Team C,Claims,Voice,Cancellation,Coached,7-12 months,Morning,Evaluator 2,71.6,714.0,4.24,38,88.6,75.5,Not Met,Yes
2025-04-23,Agent_101,Team A,Claims,Chat,Account Access,Coached,12+ months,Morning,Evaluator 2,88.4,600.0,4.22,53,90.4,77.4,Met,No
2025-04-14,Agent_108,Team D,Banking Support,Voice,Complaint,Coached,4-6 months,Morning,Evaluator 2,76.2,799.0,3.96,34,94.1,77.3,Not Met,No
2025-12-06,Agent_044,Team C,Tech Support,Voice,Escalation,Not Coached,12+ months,Night,Evaluator 2,57.7,681.0,3.9,24,85.7,75.0,Not Met,Yes
2025-09-11,Agent_051,Team F,Tech Support,Email,,Coached,4-6 months,Night,Evaluator 3,70.8,561.0,3.9,43,87.5,77.4,Not Met,Yes
2025-08-15,Agent_094,Team A,Retail Support,Email,Order Status,Not Coached,7-12 months,Morning,Evaluator 4,92.3,517.0,4.21,44,91.7,84.3,Met,No
2025-04-22,Agent_102,Team C,Retail Support,Email,Upsell Inquiry,Coached,7-12 months,Mid,Evaluator 4,94.0,353.0,3.89,34,93.6,80.8,Met,No
2025-04-09,Agent_098,Team B,Sales,Voice,Billing Issue,Coached,0-3 months,Night,Evaluator 1,76.3,686.0,3.53,18,94.5,76.4,Not Met,No
2025-06-02,Agent_012,Team C,Banking Support,Chat,Upsell Inquiry,Not Coached,7-12 months,Mid,Evaluator 3,94.1,494.0,3.87,34,94.6,81.5,Met,No
2025-12-15,Agent_019,Team E,Retail Support,Voice,Escalation,Not Coached,7-12 months,Morning,Evaluator 1,72.9,717.0,3.82,21,82.5,72.1,Not Met,Yes
2025-12-04,Agent_101,Team C,Retail Support,Voice,Refund Request,Not Coached,4-6 months,Morning,Evaluator 1,69.3,694.0,3.44,24,84.9,66.6,Not Met,Yes
2025-07-13,Agent_044,Team C,Billing,Voice,Refund Request,Coached,0-3 months,Mid,Evaluator 4,67.5,724.0,3.8,28,83.8,70.6,Not Met,Yes
2025-11-06,Agent_059,Team C,Banking Support,Voice,Order Status,Not Coached,0-3 months,Night,Evaluator 3,72.5,612.0,3.61,34,85.7,76.7,Not Met,Yes
2025-06-12,Agent_049,Team C,Sales,Voice,Escalation,Not Coached,12+ months,Mid,Evaluator 2,76.1,656.0,3.7,22,90.2,78.7,Not Met,No
2025-07-27,Agent_061,Team E,Retail Support,Chat,Policy Question,Coached,7-12 months,Morning,Evaluator 4,78.1,535.0,4.3,36,86.7,84.4,Not Met,No
2025-06-18,Agent_017,Team F,Sales,Voice,Policy Question,Coached,0-3 months,Morning,Evaluator 3,74.9,635.0,3.92,39,85.3,71.5,Not Met,Yes
2025-06-10,Agent_074,Team F,Claims,Chat,Policy Question,Coached,4-6 months,Night,Evaluator 3,80.5,,3.8,29,85.6,79.3,Not Met,No
2025-03-09,Agent_057,Team E,Sales,Voice,Billing Issue,Coached,7-12 months,Night,Evaluator 4,78.7,580.0,4.01,31,79.6,72.6,Not Met,Yes
2025-10-16,Agent_055,Team B,Tech Support,Voice,Billing Issue,Not Coached,12+ months,Mid,Evaluator 4,77.6,795.0,3.5,21,86.0,74.4,Not Met,No
2025-10-04,Agent_113,Team E,Tech Support,Voice,Policy Question,Coached,0-3 months,Mid,Evaluator 1,70.2,772.0,3.78,24,87.2,73.4,Not Met,Yes
2025-10-31,Agent_047,Team C,Sales,Voice,Refund Request,Not Coached,4-6 months,Morning,Evaluator 1,85.5,553.0,4.17,41,91.4,78.9,Met,No
2025-05-15,Agent_012,Team B,Tech Support,Voice,Escalation,Coached,12+ months,Night,Evaluator 1,83.1,781.0,4.04,49,97.0,75.2,Not Met,No
2025-07-14,Agent_062,Team F,Claims,Voice,Account Access,Not Coached,0-3 months,Night,Evaluator 2,72.4,661.0,4.31,26,88.4,70.9,Not Met,Yes
2025-05-08,Agent_080,Team A,Banking Support,Voice,Escalation,Coached,4-6 months,Morning,Evaluator 4,83.7,700.0,3.54,18,88.5,71.1,Not Met,No
2025-02-02,Agent_088,Team F,Tech Support,Voice,Policy Question,Coached,12+ months,Mid,Evaluator 3,82.8,739.0,3.94,31,87.5,74.5,Not Met,No
2025-06-25,Agent_083,Team C,Tech Support,Voice,Escalation,Coached,7-12 months,Morning,Evaluator 4,71.6,844.0,3.44,20,82.6,66.0,Not Met,Yes
2025-01-22,Agent_008,Team D,Sales,Email,Cancellation,Coached,4-6 months,Morning,Evaluator 3,82.2,431.0,4.17,39,89.0,79.2,Not Met,No
2025-08-26,Agent_095,Team D,Claims,Voice,Billing Issue,Not Coached,0-3 months,Morning,Evaluator 2,67.7,742.0,3.8,26,86.9,63.7,Not Met,Yes
2025-06-07,Agent_021,Team F,Banking Support,Chat,Billing Issue,Coached,0-3 months,Morning,Evaluator 4,76.7,543.0,4.51,34,84.2,70.2,Not Met,Yes
2025-02-07,Agent_081,Team D,Sales,Chat,Refund Request,Not Coached,4-6 months,Morning,Evaluator 3,86.3,437.0,4.13,35,90.8,82.9,Met,No
2025-08-18,Agent_087,Team D,Sales,Email,Account Access,Coached,12+ months,Morning,Evaluator 3,100.0,381.0,4.3,50,96.1,87.0,Met,No
2025-12-31,Agent_101,Team A,Billing,Chat,Policy Question,Coached,4-6 months,Mid,Evaluator 1,82.9,578.0,4.31,44,90.0,76.6,Not Met,No
2025-02-20,Agent_118,Team D,Claims,Voice,Upsell Inquiry,Coached,7-12 months,Mid,Evaluator 2,86.5,693.0,3.97,40,87.5,76.5,Met,No
2025-09-21,Agent_080,Team B,Banking Support,Chat,Refund Request,Not Coached,12+ months,Morning,Evaluator 4,87.4,590.0,4.43,33,96.4,79.0,Met,No
2025-10-10,Agent_070,Team E,Claims,Email,Refund Request,Not Coached,4-6 months,Morning,Evaluator 1,82.5,620.0,3.98,42,84.9,75.2,Not Met,Yes
2025-01-27,Agent_072,Team D,Banking Support,Voice,Account Access,Coached,0-3 months,Mid,Evaluator 2,76.6,704.0,4.07,32,95.9,74.1,Not Met,No
2025-08-14,Agent_025,Team E,Claims,Voice,Complaint,,7-12 months,Morning,Evaluator 1,76.2,659.0,3.48,25,88.6,69.5,Not Met,No
2025-10-04,Agent_082,Team A,Sales,Voice,Policy Question,Coached,12+ months,Morning,Evaluator 4,98.4,640.0,4.52,45,95.3,69.0,Met,No
2025-10-13,Agent_089,Team A,Sales,Chat,Upsell Inquiry,Not Coached,12+ months,Night,Evaluator 3,94.5,381.0,4.15,37,89.6,79.6,Met,No
2025-04-07,Agent_012,Team E,Retail Support,Chat,Billing Issue,Not Coached,0-3 months,Mid,Evaluator 4,64.4,610.0,3.8,31,81.7,71.1,Not Met,Yes
2025-10-11,Agent_015,Team A,Tech Support,Voice,Account Access,Coached,7-12 months,Night,Evaluator 2,73.5,762.0,3.8,37,87.3,79.0,Not Met,Yes
2025-11-13,Agent_059,Team A,Billing,Voice,Upsell Inquiry,Not Coached,7-12 months,Mid,Evaluator 4,88.1,607.0,3.82,55,87.0,78.7,Met,No
2025-10-31,Agent_026,Team A,Claims,Voice,Cancellation,Coached,12+ months,Morning,Evaluator 2,89.9,806.0,3.66,34,96.7,77.2,Met,No
2025-05-27,Agent_105,Team F,Billing,Voice,Refund Request,Not Coached,0-3 months,Mid,Evaluator 1,73.3,710.0,3.81,35,84.6,67.3,Not Met,Yes
2025-01-04,Agent_109,Team E,Retail Support,Email,Account Access,Coached,7-12 months,Morning,Evaluator 2,89.3,356.0,3.76,38,87.3,81.3,Met,No
2025-02-04,Agent_026,Team C,Tech Support,Voice,Billing Issue,Not Coached,12+ months,Mid,Evaluator 3,64.9,807.0,3.68,29,85.6,72.3,Not Met,Yes
2025-07-11,Agent_047,Team B,Claims,Voice,Escalation,Coached,4-6 months,Morning,Evaluator 3,68.3,758.0,4.09,35,88.5,69.9,Not Met,Yes
2025-02-18,Agent_032,Team C,Banking Support,Voice,Billing Issue,Not Coached,7-12 months,Night,Evaluator 3,74.9,778.0,3.88,31,92.2,67.5,Not Met,Yes
2025-01-17,Agent_010,Team E,Tech Support,Chat,Cancellation,Not Coached,0-3 months,Morning,Evaluator 1,63.9,638.0,3.87,35,82.9,70.2,Not Met,Yes
2025-06-21,Agent_016,Team D,Sales,Voice,Account Access,Not Coached,4-6 months,Night,Evaluator 2,72.0,679.0,3.71,41,85.1,76.8,Not Met,Yes
2025-08-08,Agent_071,Team B,Retail Support,Chat,Cancellation,Not Coached,4-6 months,Night,Evaluator 1,80.3,578.0,3.63,17,92.1,72.4,Not Met,No
2025-06-07,Agent_017,Team B,Tech Support,Voice,Policy Question,Not Coached,12+ months,Mid,Evaluator 4,88.5,819.0,4.03,18,96.6,72.3,Met,No
2025-02-15,Agent_023,Team A,Tech Support,Voice,Policy Question,Coached,4-6 months,Mid,Evaluator 4,80.1,738.0,3.83,43,92.8,79.6,Not Met,No
2025-01-06,Agent_026,Team D,Sales,Voice,Escalation,Coached,7-12 months,Mid,Evaluator 4,81.2,689.0,3.97,28,95.9,74.2,Not Met,No
2025-04-09,Agent_085,Team E,Claims,Voice,Refund Request,Coached,7-12 months,Night,Evaluator 4,81.1,655.0,3.85,15,92.6,74.9,Not Met,No
2025-08-21,Agent_086,Team B,Banking Support,Voice,Complaint,Not Coached,0-3 months,Mid,Evaluator 3,65.8,728.0,3.94,19,80.9,70.5,Not Met,Yes
2025-02-06,Agent_007,Team A,Sales,Email,Technical Troubleshooting,Coached,7-12 months,Night,Evaluator 2,98.2,438.0,4.67,65,100.0,81.6,Met,No
2025-10-07,Agent_014,Team A,Banking Support,Chat,Upsell Inquiry,Not Coached,12+ months,Mid,Evaluator 3,97.9,432.0,4.56,56,97.0,89.2,Met,No
2025-12-15,Agent_079,Team F,Claims,Email,Cancellation,Not Coached,12+ months,Night,Evaluator 2,83.4,526.0,3.56,21,91.8,80.4,Not Met,No
2025-10-29,Agent_117,Team B,Tech Support,Voice,Upsell Inquiry,Coached,7-12 months,Mid,Evaluator 2,77.6,751.0,3.83,25,90.8,68.3,Not Met,No
2025-06-30,Agent_007,Team E,Banking Support,Email,Escalation,Coached,7-12 months,Mid,Evaluator 1,80.1,542.0,3.71,27,84.4,83.5,Not Met,Yes
2025-04-05,Agent_009,Team D,Retail Support,Voice,Upsell Inquiry,Coached,0-3 months,Night,Evaluator 4,79.3,627.0,4.17,46,87.6,75.5,Not Met,No
2025-04-09,Agent_115,Team C,Retail Support,Voice,Upsell Inquiry,Coached,12+ months,Night,Evaluator 2,82.3,615.0,3.98,29,92.3,75.7,Not Met,No
2025-07-07,Agent_048,Team B,Sales,Voice,Billing Issue,Coached,0-3 months,Mid,Evaluator 4,76.6,679.0,4.03,28,84.4,78.3,Not Met,Yes
2025-04-26,Agent_072,Team A,Claims,Voice,Account Access,Coached,12+ months,Morning,Evaluator 4,84.3,710.0,3.93,44,93.9,74.1,Not Met,No
2025-07-10,Agent_114,Team D,Sales,Chat,Refund Request,Not Coached,4-6 months,Mid,Evaluator 4,76.4,494.0,3.86,34,85.1,85.1,Not Met,No
2025-09-10,Agent_059,Team E,Sales,Voice,Technical Troubleshooting,Not Coached,12+ months,Night,Evaluator 3,67.8,689.0,3.63,22,86.9,74.6,Not Met,Yes
2025-06-10,Agent_087,Team D,Billing,Voice,Account Access,Coached,7-12 months,Night,Evaluator 4,71.9,728.0,3.61,32,87.8,79.5,Not Met,Yes
2025-09-13,Agent_093,Team D,Sales,Chat,Billing Issue,Coached,12+ months,Night,Evaluator 2,89.3,527.0,3.89,18,88.7,93.1,Met,No
2025-11-19,Agent_082,Team A,Billing,Voice,Upsell Inquiry,Coached,4-6 months,Morning,Evaluator 3,91.0,638.0,3.71,35,92.9,77.2,Met,No
2025-05-08,Agent_095,Team F,Retail Support,Voice,Technical Troubleshooting,Not Coached,4-6 months,Mid,Evaluator 4,68.7,738.0,3.57,28,85.8,71.7,Not Met,Yes
2025-01-18,Agent_094,Team E,Retail Support,Voice,Billing Issue,Not Coached,7-12 months,Mid,Evaluator 1,70.4,581.0,3.67,14,85.3,71.4,Not Met,Yes
2025-10-08,Agent_116,Team B,Sales,Chat,Billing Issue,Coached,12+ months,Night,Evaluator 4,83.5,412.0,4.35,28,91.0,82.5,Not Met,No
2025-08-11,Agent_039,Team F,Retail Support,Chat,Billing Issue,Coached,0-3 months,Morning,Evaluator 4,79.0,391.0,4.23,36,97.0,74.7,Not Met,No
2025-02-23,Agent_099,Team D,Claims,Voice,Policy Question,Not Coached,12+ months,Night,Evaluator 3,87.2,685.0,4.04,37,93.6,75.7,Met,No
2025-02-27,Agent_018,Team D,Billing,Voice,Technical Troubleshooting,Not Coached,12+ months,Mid,Evaluator 2,74.5,805.0,4.1,38,94.3,85.3,Not Met,Yes
2025-11-19,Agent_059,Team E,Billing,Voice,Billing Issue,Coached,4-6 months,Morning,Evaluator 4,67.6,682.0,3.81,40,84.2,73.3,Not Met,Yes
2025-12-26,Agent_106,Team E,Sales,Chat,Complaint,Not Coached,12+ months,Morning,Evaluator 3,79.9,623.0,3.72,27,90.0,73.4,Not Met,No
2025-06-23,Agent_103,Team D,Retail Support,Voice,Upsell Inquiry,Coached,7-12 months,Morning,Evaluator 3,91.5,605.0,4.56,35,91.8,77.4,Met,No
2025-10-07,Agent_017,Team A,Banking Support,Voice,Technical Troubleshooting,Coached,7-12 months,Mid,Evaluator 2,85.5,775.0,4.13,36,91.1,73.2,Met,No
2025-04-24,Agent_014,Team C,Billing,Voice,Policy Question,Not Coached,4-6 months,Morning,Evaluator 3,77.3,748.0,3.77,16,92.8,75.2,Not Met,No
2025-10-15,Agent_031,Team F,Sales,Voice,Cancellation,Not Coached,7-12 months,Morning,Evaluator 2,81.1,559.0,4.03,34,91.7,77.2,Not Met,No
2025-12-08,Agent_024,Team B,Sales,Voice,Cancellation,Coached,7-12 months,Night,Evaluator 1,80.9,584.0,4.13,49,94.0,84.7,Not Met,No
2025-05-31,Agent_099,Team C,Claims,Chat,Refund Request,Not Coached,4-6 months,Morning,Evaluator 4,68.4,627.0,3.81,32,82.3,72.4,Not Met,Yes
2025-05-07,Agent_108,Team C,Tech Support,Voice,Order Status,Coached,7-12 months,Morning,Evaluator 3,74.6,714.0,3.89,23,84.5,73.1,Not Met,Yes
2025-06-04,Agent_060,Team C,Tech Support,Voice,Complaint,Not Coached,7-12 months,Mid,Evaluator 1,61.3,786.0,3.85,32,87.0,68.1,Not Met,Yes
2025-09-30,Agent_045,Team D,Billing,Chat,Cancellation,Coached,7-12 months,Mid,Evaluator 3,83.2,518.0,4.0,30,90.5,78.6,Not Met,No
2025-04-14,Agent_098,Team F,Claims,Chat,Policy Question,Not Coached,0-3 months,Night,Evaluator 3,71.1,588.0,3.54,4,87.4,66.7,Not Met,Yes
2025-10-26,Agent_003,Team B,Claims,Voice,Order Status,Not Coached,12+ months,Mid,Evaluator 1,80.1,651.0,3.51,16,93.2,68.3,Not Met,No
2025-09-03,Agent_037,Team A,Claims,Voice,Billing Issue,Coached,7-12 months,Night,Evaluator 3,82.8,734.0,4.17,42,93.3,78.3,Not Met,No
2025-06-25,Agent_043,Team B,Billing,Voice,Billing Issue,Not Coached,4-6 months,Mid,Evaluator 3,80.5,621.0,3.59,34,91.3,68.1,Not Met,No
2025-02-08,Agent_040,Team F,Tech Support,Email,Escalation,Not Coached,4-6 months,Morning,Evaluator 1,78.4,600.0,4.04,49,87.7,76.8,Not Met,No
2025-06-19,Agent_090,Team D,Claims,Voice,Upsell Inquiry,Not Coached,7-12 months,Morning,Evaluator 3,84.5,796.0,3.57,29,87.4,71.0,Not Met,No
2025-09-04,Agent_055,Team B,Retail Support,Email,Order Status,Coached,12+ months,Mid,Evaluator 2,87.8,412.0,4.01,48,92.4,86.8,Met,No
2025-01-26,Agent_087,Team E,Sales,Chat,Upsell Inquiry,Not Coached,4-6 months,Morning,Evaluator 3,78.6,408.0,3.89,36,85.9,71.1,Not Met,No
2025-12-21,Agent_108,Team F,Sales,Voice,Policy Question,Not Coached,12+ months,Mid,Evaluator 4,91.9,614.0,4.03,42,94.0,79.6,Met,No
2025-11-02,Agent_039,Team F,Banking Support,Voice,Complaint,Coached,0-3 months,Mid,Evaluator 3,64.0,745.0,3.52,33,88.5,72.4,Not Met,Yes
2025-01-13,Agent_015,Team F,Banking Support,Voice,Order Status,Not Coached,7-12 months,Morning,Evaluator 4,75.9,691.0,3.75,33,87.8,76.1,Not Met,No
2025-11-12,Agent_120,Team B,Billing,Voice,Cancellation,Coached,12+ months,Morning,Evaluator 4,84.1,744.0,3.93,41,96.4,80.1,Not Met,No
2025-11-09,Agent_113,Team E,Billing,Voice,Complaint,Coached,12+ months,Morning,Evaluator 3,85.4,735.0,3.57,16,91.1,74.3,Met,No
2025-02-05,Agent_004,Team C,Sales,Chat,Escalation,Coached,4-6 months,Mid,Evaluator 1,79.0,500.0,4.35,20,93.5,67.6,Not Met,No
2025-06-22,Agent_093,Team F,Retail Support,Email,Upsell Inquiry,Not Coached,7-12 months,Mid,Evaluator 2,91.9,431.0,3.77,37,89.8,82.2,Met,No
2025-01-20,Agent_086,Team E,Tech Support,Voice,Upsell Inquiry,Not Coached,4-6 months,Mid,Evaluator 2,67.0,703.0,3.7,28,80.9,72.7,Not Met,Yes
2025-11-17,Agent_025,Team E,Tech Support,Chat,Complaint,Coached,4-6 months,Morning,Evaluator 3,72.7,535.0,4.25,29,90.4,75.1,Not Met,Yes
2025-09-21,Agent_013,Team D,Billing,Voice,Billing Issue,Not Coached,12+ months,Mid,Evaluator 1,90.4,830.0,3.52,15,89.8,69.8,Met,No
2025-05-22,Agent_082,Team B,Retail Support,Voice,Upsell Inquiry,Coached,12+ months,Night,Evaluator 1,89.5,665.0,3.99,35,94.1,76.0,Met,No
2025-05-23,Agent_033,Team D,Billing,Voice,Escalation,Coached,4-6 months,Morning,Evaluator 2,80.8,681.0,3.99,41,91.5,80.8,Not Met,No
2025-04-02,Agent_016,Team F,Tech Support,Chat,Cancellation,Coached,12+ months,Mid,Evaluator 1,84.9,658.0,3.82,34,91.7,73.5,Not Met,No
2025-12-20,Agent_109,Team F,Billing,Email,,Not Coached,7-12 months,Night,Evaluator 3,83.4,511.0,4.05,28,88.8,71.7,Not Met,No
2025-11-18,Agent_042,Team A,Claims,Chat,Cancellation,Not Coached,4-6 months,Morning,Evaluator 3,86.7,588.0,4.15,33,83.8,70.8,Met,Yes
2025-10-15,Agent_108,Team B,Billing,Voice,Cancellation,Not Coached,7-12 months,Mid,Evaluator 1,84.4,648.0,3.85,37,86.7,75.8,Not Met,No
2025-08-03,Agent_066,Team A,Sales,Voice,Upsell Inquiry,Not Coached,7-12 months,Morning,Evaluator 3,88.2,572.0,4.25,42,95.9,85.2,Met,No
2025-12-08,Agent_055,Team E,Billing,Voice,Account Access,Coached,7-12 months,Mid,Evaluator 4,89.5,578.0,4.05,41,90.2,85.4,Met,No
2025-02-20,Agent_099,Team E,Sales,Voice,Billing Issue,Coached,7-12 months,Morning,Evaluator 2,80.5,641.0,3.78,24,95.6,77.8,Not Met,No
2025-06-02,Agent_042,Team B,Retail Support,Chat,Upsell Inquiry,Coached,7-12 months,Night,Evaluator 3,90.5,503.0,4.4,49,88.4,76.2,Met,No
2025-07-05,Agent_034,Team D,Tech Support,Chat,Billing Issue,Coached,0-3 months,Mid,Evaluator 1,71.1,555.0,3.87,34,87.9,72.5,Not Met,Yes
2025-03-04,Agent_030,Team F,Banking Support,Chat,Policy Question,Coached,12+ months,Night,Evaluator 2,,554.0,4.29,34,96.7,83.0,Met,No
2025-07-09,Agent_119,Team E,Banking Support,Voice,Account Access,Not Coached,7-12 months,Mid,Evaluator 3,73.5,632.0,3.7,33,85.3,79.9,Not Met,Yes
2025-05-05,Agent_013,Team D,Tech Support,Voice,Upsell Inquiry,Coached,0-3 months,Mid,Evaluator 2,69.2,743.0,3.78,23,86.3,69.2,Not Met,Yes
2025-05-30,Agent_013,Team D,Banking Support,Voice,Refund Request,Not Coached,12+ months,Mid,Evaluator 1,88.9,682.0,3.92,34,91.2,82.2,Met,No
2025-11-10,Agent_018,Team D,Billing,Voice,Cancellation,Coached,12+ months,Night,Evaluator 4,89.0,773.0,4.0,36,92.0,74.4,Met,No
2025-02-27,Agent_032,Team B,Retail Support,Voice,Policy Question,Coached,12+ months,Night,Evaluator 4,93.5,575.0,3.57,27,94.9,82.2,Met,No
2025-12-08,Agent_096,Team D,Retail Support,Chat,Account Access,Not Coached,4-6 months,Mid,Evaluator 3,74.3,435.0,4.25,50,82.9,84.2,Not Met,Yes
2025-11-01,Agent_099,Team E,Tech Support,Chat,Upsell Inquiry,Coached,0-3 months,Night,Evaluator 4,83.4,494.0,3.95,36,89.9,69.3,Not Met,No
2025-06-29,Agent_039,Team F,Banking Support,Voice,Escalation,Not Coached,7-12 months,Mid,Evaluator 3,72.8,761.0,3.88,34,86.5,74.9,Not Met,Yes
2025-06-19,Agent_046,Team D,Billing,Voice,Complaint,Not Coached,0-3 months,Mid,Evaluator 2,73.7,751.0,3.9,33,79.5,76.5,Not Met,Yes
2025-11-22,Agent_116,Team E,Retail Support,Voice,Complaint,Coached,12+ months,Mid,Evaluator 3,80.0,720.0,3.93,44,89.8,72.1,Not Met,No
2025-09-28,Agent_029,Team B,Retail Support,Voice,Billing Issue,Not Coached,0-3 months,Morning,Evaluator 3,71.7,642.0,3.43,36,85.1,68.6,Not Met,Yes
2025-02-23,Agent_062,Team C,Claims,Chat,Account Access,Coached,4-6 months,Morning,Evaluator 3,80.3,396.0,3.91,40,86.8,81.6,Not Met,No
2025-04-11,Agent_113,Team A,Claims,Voice,Cancellation,Coached,4-6 months,Morning,Evaluator 4,80.3,777.0,3.96,41,92.4,73.9,Not Met,No
2025-09-21,Agent_093,Team B,Retail Support,Voice,Cancellation,Not Coached,4-6 months,Mid,Evaluator 3,73.2,758.0,3.85,26,90.8,70.7,Not Met,Yes
2025-02-22,Agent_062,Team E,Tech Support,Voice,Technical Troubleshooting,Coached,12+ months,Morning,Evaluator 1,69.6,1007.0,3.39,16,95.0,68.0,Not Met,Yes
2025-03-01,Agent_117,Team F,Sales,Email,Complaint,Not Coached,7-12 months,Mid,Evaluator 3,81.9,432.0,4.31,46,87.3,73.7,Not Met,No
2025-04-18,Agent_108,Team A,Sales,Voice,Policy Question,Not Coached,0-3 months,Night,Evaluator 2,84.0,588.0,3.92,44,90.8,76.5,Not Met,No
2025-01-05,Agent_057,Team C,Billing,Voice,Account Access,Not Coached,4-6 months,Morning,Evaluator 1,69.5,683.0,4.0,38,88.6,78.8,Not Met,Yes
2025-04-13,Agent_016,Team E,Retail Support,Voice,Cancellation,Coached,7-12 months,Mid,Evaluator 2,77.3,701.0,4.11,37,79.5,71.0,Not Met,Yes
2025-07-15,Agent_056,Team B,Retail Support,Chat,Technical Troubleshooting,Coached,0-3 months,Morning,Evaluator 2,75.7,680.0,3.95,49,85.2,69.5,Not Met,No
2025-09-19,Agent_108,Team D,Retail Support,Email,Account Access,Not Coached,7-12 months,Morning,Evaluator 2,91.1,406.0,4.34,43,86.4,82.4,Met,No
2025-12-31,Agent_111,Team E,Tech Support,Voice,Order Status,Coached,7-12 months,Night,Evaluator 1,79.3,711.0,3.7,33,89.6,85.1,Not Met,No
2025-12-16,Agent_010,Team D,Claims,Email,Cancellation,Coached,7-12 months,Mid,Evaluator 1,91.8,623.0,4.25,47,93.4,82.2,Met,No
2025-02-16,Agent_030,Team B,,Email,Order Status,Coached,12+ months,Night,Evaluator 4,95.1,452.0,4.27,45,94.3,81.8,Met,No
2025-12-21,Agent_025,Team C,Retail Support,Email,Account Access,Coached,12+ months,Morning,Evaluator 1,87.9,514.0,4.02,37,89.7,79.6,Met,No
2025-11-07,Agent_103,Team E,Banking Support,Chat,Cancellation,,12+ months,Mid,Evaluator 3,86.4,561.0,3.74,31,89.4,82.7,Met,No
2025-11-04,Agent_084,Team D,Tech Support,Chat,Order Status,Not Coached,4-6 months,Morning,Evaluator 2,75.3,634.0,3.84,27,88.3,71.5,Not Met,No
2025-05-24,Agent_005,Team A,Billing,Voice,Refund Request,Not Coached,0-3 months,Morning,Evaluator 4,69.0,613.0,3.71,35,86.4,76.8,Not Met,Yes
2025-09-26,Agent_065,Team E,Retail Support,Chat,Technical Troubleshooting,Coached,4-6 months,Morning,Evaluator 1,78.3,521.0,4.16,41,89.7,71.9,Not Met,No
2025-05-04,Agent_094,Team A,Banking Support,Voice,Policy Question,Coached,12+ months,Morning,Evaluator 2,90.8,775.0,4.22,42,91.1,79.5,Met,No
2025-04-16,Agent_049,Team E,Sales,Chat,Complaint,Coached,12+ months,Morning,Evaluator 1,91.1,495.0,4.27,22,87.2,78.2,Met,No
2025-06-07,Agent_003,Team B,Billing,Voice,Technical Troubleshooting,Not Coached,12+ months,Morning,Evaluator 4,81.7,836.0,4.33,26,91.6,73.5,Not Met,No
2025-05-27,Agent_045,Team F,Retail Support,Chat,Order Status,Coached,0-3 months,Night,Evaluator 1,87.7,480.0,3.97,28,86.2,75.5,Met,No
2025-05-25,Agent_014,Team C,Retail Support,Chat,Cancellation,Not Coached,12+ months,Morning,Evaluator 1,82.1,555.0,4.12,34,85.1,80.5,Not Met,No
2025-04-30,Agent_120,Team C,Banking Support,Voice,Refund Request,Coached,4-6 months,Morning,Evaluator 2,75.9,647.0,3.63,19,90.1,73.4,Not Met,No
2025-11-15,Agent_030,Team A,Tech Support,Chat,Refund Request,Not Coached,0-3 months,Morning,Evaluator 3,78.5,619.0,3.91,40,85.2,82.8,Not Met,No
2025-10-02,Agent_114,Team B,Retail Support,Voice,Complaint,Coached,4-6 months,Mid,Evaluator 1,71.9,780.0,3.51,34,87.3,78.1,Not Met,Yes
2025-04-02,Agent_068,Team F,Sales,Chat,Refund Request,Not Coached,0-3 months,Morning,Evaluator 4,77.9,,4.13,48,85.2,70.7,Not Met,No
2025-02-27,Agent_018,Team F,Retail Support,Voice,Technical Troubleshooting,Coached,7-12 months,Night,Evaluator 1,70.1,808.0,3.74,30,88.2,73.7,Not Met,Yes
2025-12-12,Agent_062,Team C,Sales,Voice,Upsell Inquiry,Not Coached,4-6 months,Night,Evaluator 1,67.2,611.0,3.42,30,86.2,77.0,Not Met,Yes
2025-08-17,Agent_037,Team C,Billing,Email,Refund Request,Coached,7-12 months,Morning,Evaluator 3,87.0,449.0,3.98,29,88.3,78.2,Met,No
2025-04-27,Agent_025,Team E,Billing,Voice,Complaint,Not Coached,7-12 months,Mid,Evaluator 2,75.2,767.0,4.12,30,85.1,76.4,Not Met,No
2025-11-14,Agent_048,Team F,Claims,Chat,Refund Request,Not Coached,12+ months,Morning,Evaluator 4,90.9,573.0,4.12,27,88.4,82.5,Met,No
2025-10-06,Agent_065,Team D,Claims,Voice,Refund Request,Coached,7-12 months,Mid,Evaluator 2,81.7,736.0,4.11,46,95.7,74.9,Not Met,No
2025-05-07,Agent_053,Team C,Sales,Voice,Escalation,Not Coached,4-6 months,Morning,Evaluator 2,75.8,785.0,3.73,41,87.6,74.1,Not Met,No
2025-05-09,Agent_110,Team C,Tech Support,Voice,Technical Troubleshooting,Not Coached,12+ months,Morning,Evaluator 2,72.4,893.0,3.61,19,82.2,60.5,Not Met,Yes
2025-02-27,Agent_079,Team E,Retail Support,Voice,Order Status,Coached,12+ months,Morning,Evaluator 1,84.0,600.0,3.97,13,92.9,82.5,Not Met,No
2025-05-02,Agent_073,Team A,Retail Support,Voice,Billing Issue,Coached,0-3 months,Mid,Evaluator 3,85.9,674.0,4.0,29,91.5,77.4,Met,No
2025-01-01,Agent_015,Team D,Claims,Voice,Upsell Inquiry,Coached,7-12 months,Morning,Evaluator 1,90.5,687.0,3.75,25,93.8,72.0,Met,No
2025-08-27,Agent_049,Team C,Sales,Voice,Refund Request,Not Coached,4-6 months,Morning,Evaluator 4,79.7,733.0,3.92,19,89.4,72.3,Not Met,No
2025-10-17,Agent_088,Team E,Retail Support,Voice,Policy Question,Not Coached,0-3 months,Mid,Evaluator 3,77.6,677.0,3.98,22,83.2,62.1,Not Met,Yes
2025-04-06,Agent_068,Team A,Retail Support,Email,Refund Request,Coached,7-12 months,Mid,Evaluator 2,96.5,611.0,4.05,39,95.7,75.5,Met,No
2025-05-06,Agent_012,Team D,Tech Support,Email,Escalation,Coached,12+ months,Night,Evaluator 3,75.3,539.0,4.04,43,91.3,84.9,Not Met,No
2025-04-28,Agent_059,Team C,Banking Support,Voice,Order Status,Not Coached,0-3 months,Morning,Evaluator 4,74.3,663.0,3.61,8,87.3,71.0,Not Met,Yes
2025-02-17,Agent_037,Team D,Claims,Chat,Policy Question,Not Coached,12+ months,Night,Evaluator 1,82.4,533.0,4.5,41,92.2,79.5,Not Met,No
2025-03-30,Agent_061,Team A,Claims,Voice,Upsell Inquiry,Coached,12+ months,Mid,Evaluator 1,87.5,658.0,3.97,36,89.3,78.6,Met,No
2025-08-25,Agent_101,Team D,Banking Support,Chat,Policy Question,Not Coached,12+ months,Morning,Evaluator 2,95.1,519.0,4.27,33,95.9,79.8,Met,No
2025-09-29,Agent_043,Team D,Retail Support,Chat,Technical Troubleshooting,Coached,4-6 months,Mid,Evaluator 1,80.8,571.0,4.02,38,90.4,81.4,Not Met,No
2025-07-08,Agent_070,Team D,Tech Support,Email,Complaint,Coached,12+ months,Mid,Evaluator 1,79.8,690.0,3.95,33,92.0,74.7,Not Met,No
2025-07-11,Agent_039,Team D,Tech Support,Voice,Complaint,Not Coached,4-6 months,Night,Evaluator 4,64.4,873.0,3.54,21,86.8,71.5,Not Met,Yes
2025-03-10,Agent_056,Team E,Claims,Chat,Upsell Inquiry,Coached,7-12 months,Morning,Evaluator 3,80.3,547.0,3.79,21,87.0,72.7,Not Met,No
2025-10-05,Agent_063,Team E,Tech Support,Voice,Order Status,Coached,0-3 months,Mid,Evaluator 1,68.9,699.0,3.93,31,85.0,73.6,Not Met,Yes
2025-12-15,Agent_046,Team B,Billing,Email,Complaint,Coached,0-3 months,Morning,Evaluator 4,77.0,482.0,3.87,28,84.6,76.0,Not Met,Yes
2025-09-04,Agent_088,Team E,Banking Support,Voice,Account Access,Not Coached,7-12 months,Night,Evaluator 4,73.6,721.0,3.87,14,81.8,72.4,Not Met,Yes
2025-03-17,Agent_011,Team C,Retail Support,Chat,Escalation,Not Coached,4-6 months,Morning,Evaluator 2,69.8,577.0,3.93,31,82.4,73.3,Not Met,Yes
2025-06-03,Agent_062,Team A,Billing,Chat,Upsell Inquiry,Coached,4-6 months,Night,Evaluator 4,96.7,472.0,4.36,35,93.0,79.2,Met,No
2025-05-24,Agent_077,Team A,Banking Support,Chat,Upsell Inquiry,Coached,0-3 months,Night,Evaluator 2,84.8,525.0,3.96,24,89.4,73.1,Not Met,No
2025-03-27,Agent_098,Team C,Sales,Voice,Billing Issue,Coached,7-12 months,Morning,Evaluator 1,88.4,669.0,4.14,35,93.7,76.4,Met,No
2025-07-04,Agent_025,Team E,Claims,Email,Billing Issue,Not Coached,0-3 months,Night,Evaluator 2,67.2,522.0,3.86,28,82.5,75.9,Not Met,Yes
2025-10-12,Agent_071,Team E,Tech Support,Voice,Technical Troubleshooting,Coached,12+ months,Night,Evaluator 4,88.3,817.0,4.32,28,92.0,66.9,Met,No
2025-08-08,Agent_052,Team E,Sales,Chat,Technical Troubleshooting,Not Coached,0-3 months,Morning,Evaluator 3,69.6,487.0,3.57,26,80.9,72.1,Not Met,Yes
2025-03-10,Agent_004,Team D,Tech Support,Voice,Billing Issue,Coached,0-3 months,Mid,Evaluator 3,80.5,774.0,4.35,44,86.5,71.3,Not Met,No
2025-02-16,Agent_059,Team C,Billing,Voice,Complaint,Coached,4-6 months,Mid,Evaluator 1,67.4,839.0,3.67,26,87.9,67.4,Not Met,Yes
2025-04-04,Agent_072,Team A,Retail Support,Voice,Cancellation,Coached,7-12 months,Morning,Evaluator 1,84.9,654.0,4.1,40,93.0,76.7,Not Met,No
2025-08-26,Agent_020,Team C,Retail Support,Voice,Upsell Inquiry,Coached,4-6 months,Morning,Evaluator 3,76.7,685.0,3.72,13,87.1,79.7,Not Met,No
2025-07-23,Agent_093,Team C,Retail Support,Voice,Account Access,Not Coached,4-6 months,Morning,Evaluator 2,81.3,613.0,3.53,34,83.1,69.9,Not Met,Yes
2025-08-06,Agent_063,Team A,Tech Support,Voice,Upsell Inquiry,Coached,12+ months,Morning,Evaluator 1,84.3,689.0,3.92,39,88.3,68.5,Not Met,No
2025-12-07,Agent_054,Team B,Sales,Voice,Refund Request,Coached,7-12 months,Mid,Evaluator 4,81.7,690.0,3.88,24,94.4,73.5,Not Met,No
2025-02-08,Agent_117,Team D,Retail Support,Chat,Order Status,Coached,0-3 months,Morning,Evaluator 1,91.8,461.0,4.17,40,90.6,76.8,Met,No
2025-04-10,Agent_115,Team E,Sales,Email,Escalation,Coached,4-6 months,Night,Evaluator 2,76.7,484.0,4.27,39,85.0,75.3,Not Met,No
2025-10-16,Agent_109,Team F,Tech Support,Voice,Cancellation,Coached,12+ months,Mid,Evaluator 1,78.8,818.0,3.88,29,92.9,74.7,Not Met,No
2025-09-11,Agent_110,Team F,Billing,Voice,Account Access,Coached,4-6 months,Morning,Evaluator 4,77.7,628.0,4.01,48,88.9,71.3,Not Met,No
2025-08-10,Agent_074,Team D,Sales,Voice,Refund Request,Coached,0-3 months,Mid,Evaluator 4,81.8,689.0,3.99,19,92.8,68.3,Not Met,No
2025-12-23,Agent_107,Team C,Billing,Voice,Technical Troubleshooting,Not Coached,12+ months,Mid,Evaluator 4,74.6,782.0,3.38,7,84.3,69.9,Not Met,Yes
2025-01-23,Agent_098,Team D,Tech Support,Chat,Account Access,Coached,7-12 months,Night,Evaluator 2,88.1,504.0,3.81,15,91.4,77.8,Met,No
2025-09-07,Agent_057,Team E,Tech Support,Chat,Billing Issue,Coached,7-12 months,Morning,Evaluator 2,75.7,551.0,3.67,26,87.3,85.7,Not Met,No
2025-01-10,Agent_090,Team A,Claims,Voice,Upsell Inquiry,Not Coached,0-3 months,Morning,Evaluator 4,75.0,514.0,3.97,42,88.0,82.7,Not Met,No
2025-09-03,Agent_041,Team C,Tech Support,Voice,Account Access,Coached,0-3 months,Night,Evaluator 4,55.0,743.0,3.34,22,90.4,63.5,Not Met,Yes
2025-11-21,Agent_113,Team E,Tech Support,Voice,Order Status,Coached,7-12 months,Night,Evaluator 2,69.1,797.0,3.6,20,87.6,64.1,Not Met,Yes
2025-04-10,Agent_003,Team C,Banking Support,Chat,Policy Question,Coached,4-6 months,Mid,Evaluator 2,82.4,487.0,3.75,32,90.8,77.3,Not Met,No
2025-10-17,Agent_120,Team D,Retail Support,Email,Technical Troubleshooting,Coached,7-12 months,Night,Evaluator 2,86.8,602.0,4.18,37,92.1,85.9,Met,No
2025-06-29,Agent_006,Team D,Claims,Voice,Escalation,Not Coached,7-12 months,Morning,Evaluator 3,77.1,804.0,3.91,38,94.2,75.6,Not Met,No
2025-08-11,Agent_005,Team B,Claims,Voice,Escalation,Coached,4-6 months,Mid,Evaluator 2,87.7,739.0,3.81,39,92.4,73.2,Met,No
2025-09-07,Agent_005,Team C,Claims,Email,Account Access,Not Coached,12+ months,Morning,Evaluator 4,81.5,595.0,3.53,16,87.3,75.0,Not Met,No
2025-05-27,Agent_054,Team C,Banking Support,Email,Policy Question,Coached,12+ months,Morning,Evaluator 3,84.8,490.0,4.06,32,89.6,84.3,Not Met,No
2025-04-06,Agent_047,Team A,Billing,Voice,Upsell Inquiry,Coached,7-12 months,Night,Evaluator 2,91.2,751.0,4.03,35,95.2,76.2,Met,No
2025-09-14,Agent_087,Team A,Tech Support,Voice,Refund Request,Not Coached,0-3 months,Morning,Evaluator 4,73.0,690.0,4.06,48,84.9,79.5,Not Met,Yes
2025-11-21,Agent_049,Team E,Retail Support,Voice,Cancellation,Coached,0-3 months,Mid,Evaluator 1,65.8,700.0,4.15,26,85.6,63.9,Not Met,Yes
2025-01-04,Agent_009,Team B,Sales,Voice,Upsell Inquiry,Not Coached,7-12 months,Night,Evaluator 3,85.9,567.0,4.28,49,89.2,79.5,Met,No
2025-01-16,Agent_099,Team D,Billing,Voice,Refund Request,Coached,0-3 months,Morning,Evaluator 4,79.6,703.0,3.93,22,90.0,70.5,Not Met,No
2025-10-07,Agent_020,Team B,Tech Support,Voice,Cancellation,Not Coached,12+ months,Night,Evaluator 1,78.7,844.0,3.71,37,90.0,74.2,Not Met,No
2025-12-02,Agent_113,Team F,Banking Support,Voice,Policy Question,Coached,0-3 months,Night,Evaluator 4,62.7,892.0,3.49,29,85.3,68.8,Not Met,Yes
2025-09-04,Agent_061,Team B,Tech Support,Voice,Cancellation,Not Coached,7-12 months,Mid,Evaluator 2,80.5,830.0,4.07,33,93.4,74.0,Not Met,No
2025-09-15,Agent_106,Team C,Tech Support,Chat,Upsell Inquiry,Coached,4-6 months,Morning,Evaluator 2,86.6,556.0,4.02,40,88.0,80.0,Met,No
2025-06-09,Agent_035,Team F,Banking Support,Voice,Order Status,Not Coached,7-12 months,Morning,Evaluator 1,92.5,605.0,4.11,32,89.6,82.1,Met,No
2025-12-06,Agent_050,Team F,Claims,Voice,Account Access,Coached,0-3 months,Mid,Evaluator 2,69.5,606.0,3.81,23,88.5,81.9,Not Met,Yes
2025-06-01,Agent_082,Team B,Claims,Voice,Refund Request,Not Coached,4-6 months,Morning,Evaluator 4,67.3,814.0,3.47,37,82.2,70.9,Not Met,Yes
2025-06-27,Agent_062,Team E,Retail Support,Voice,Order Status,Coached,4-6 months,Morning,Evaluator 1,82.1,605.0,3.82,23,94.3,72.4,Not Met,No
2025-06-12,Agent_017,Team C,Retail Support,Email,Refund Request,Not Coached,12+ months,Night,Evaluator 4,83.2,633.0,3.84,34,89.0,71.0,Not Met,No
2025-02-02,Agent_088,Team C,Claims,Voice,Account Access,Coached,0-3 months,Morning,Evaluator 4,64.3,758.0,3.78,36,78.5,71.6,Not Met,Yes
2025-06-28,Agent_003,Team A,Billing,Voice,Complaint,Coached,12+ months,Mid,Evaluator 4,84.5,739.0,3.83,39,98.7,79.9,Not Met,No
2025-04-11,Agent_032,Team A,Sales,Chat,Cancellation,Coached,12+ months,Morning,Evaluator 2,93.1,527.0,4.21,46,92.1,75.9,Met,No
2025-09-25,Agent_099,Team E,Tech Support,Voice,Policy Question,Coached,4-6 months,Mid,Evaluator 2,72.8,787.0,3.98,34,89.9,75.1,Not Met,Yes
2025-11-19,Agent_102,Team C,Sales,Email,Complaint,Coached,12+ months,Night,Evaluator 4,87.4,417.0,3.81,39,91.3,81.2,Met,No
2025-03-06,Agent_013,Team C,Tech Support,Voice,Complaint,Not Coached,0-3 months,Morning,Evaluator 3,55.0,699.0,3.27,21,77.8,65.2,Not Met,Yes
2025-06-17,Agent_120,Team E,Claims,Voice,Escalation,Not Coached,12+ months,Morning,Evaluator 4,68.7,750.0,4.04,30,88.5,69.4,Not Met,Yes
2025-11-26,Agent_111,Team E,Retail Support,Voice,Billing Issue,Coached,7-12 months,Mid,Evaluator 4,82.6,669.0,3.56,11,89.4,70.8,Not Met,No
2025-02-12,Agent_089,Team B,Billing,Voice,Upsell Inquiry,Not Coached,4-6 months,Mid,Evaluator 1,,604.0,3.87,35,92.4,71.8,Met,No
2025-02-13,Agent_073,Team D,Retail Support,Chat,Order Status,Coached,4-6 months,Mid,Evaluator 4,99.3,404.0,4.37,53,92.7,83.4,Met,No
2025-10-12,Agent_068,Team A,Sales,Chat,Order Status,Coached,0-3 months,Morning,Evaluator 2,85.4,384.0,4.23,34,85.5,83.8,Met,No
2025-01-12,Agent_014,Team E,Retail Support,Voice,Order Status,Not Coached,12+ months,Morning,Evaluator 1,85.6,692.0,3.81,25,91.6,80.9,Met,No
2025-04-05,Agent_101,Team D,Claims,Voice,Order Status,Not Coached,0-3 months,Night,Evaluator 3,67.8,736.0,3.82,35,85.1,68.3,Not Met,Yes
2025-10-29,Agent_098,Team F,Billing,Chat,Upsell Inquiry,Not Coached,7-12 months,Night,Evaluator 1,93.8,489.0,4.64,59,95.5,80.5,Met,No
2025-09-10,Agent_011,Team A,Sales,Email,Complaint,Coached,4-6 months,Mid,Evaluator 3,85.8,487.0,4.57,39,90.7,77.2,Met,No
2025-08-30,Agent_105,Team A,Billing,Voice,Upsell Inquiry,Not Coached,12+ months,Night,Evaluator 1,92.7,578.0,3.94,42,92.0,79.4,Met,No
2025-02-04,Agent_056,Team B,Tech Support,Voice,Order Status,Coached,4-6 months,Mid,Evaluator 1,83.0,681.0,4.17,34,86.6,68.7,Not Met,No
2025-08-03,Agent_067,Team B,Retail Support,Voice,Billing Issue,Coached,7-12 months,Mid,Evaluator 3,92.0,687.0,4.08,30,90.3,71.5,Met,No
2025-12-03,Agent_092,Team B,Billing,Email,Technical Troubleshooting,Coached,7-12 months,Morning,Evaluator 2,85.5,530.0,4.12,31,89.2,82.7,Met,No
2025-03-31,Agent_029,Team F,Banking Support,Voice,Account Access,Not Coached,7-12 months,Mid,Evaluator 2,89.1,686.0,3.69,23,93.9,68.8,Met,No
2025-09-21,Agent_009,Team B,Retail Support,Voice,Order Status,Not Coached,0-3 months,Mid,Evaluator 2,75.5,566.0,4.05,40,81.7,77.0,Not Met,Yes
2025-04-03,Agent_067,Team B,Tech Support,Chat,Policy Question,Not Coached,0-3 months,Morning,Evaluator 1,77.7,514.0,3.93,33,88.5,73.0,Not Met,No
2025-03-31,Agent_025,Team E,Billing,Voice,Technical Troubleshooting,Coached,4-6 months,Mid,Evaluator 4,,825.0,3.6,27,89.8,61.9,Not Met,Yes
2025-04-25,Agent_098,Team C,Sales,Voice,Upsell Inquiry,Coached,12+ months,Night,Evaluator 1,94.4,631.0,3.8,19,95.7,66.7,Met,No
2025-04-15,Agent_076,Team E,Tech Support,Voice,Policy Question,Coached,0-3 months,Mid,Evaluator 4,67.6,730.0,3.95,35,84.3,75.8,Not Met,Yes
2025-07-15,Agent_042,Team A,Banking Support,Voice,Policy Question,Coached,7-12 months,Mid,Evaluator 4,87.1,621.0,3.91,39,90.2,70.7,Met,No
2025-11-10,Agent_009,Team C,Billing,Voice,Refund Request,Coached,4-6 months,Night,Evaluator 2,65.8,584.0,3.79,16,87.2,75.3,Not Met,Yes
2025-04-24,Agent_079,Team A,Claims,Voice,Policy Question,Not Coached,12+ months,Morning,Evaluator 4,84.8,836.0,4.01,47,94.5,75.0,Not Met,No
2025-03-16,Agent_040,Team A,Retail Support,Voice,Order Status,Coached,12+ months,Mid,Evaluator 1,93.0,641.0,4.05,40,94.9,73.5,Met,No
2025-08-05,Agent_025,Team F,Sales,Voice,Refund Request,Coached,7-12 months,Night,Evaluator 1,80.6,607.0,4.0,40,92.7,75.2,Not Met,No
2025-10-04,Agent_005,Team A,Claims,Chat,Escalation,Coached,4-6 months,Mid,Evaluator 2,81.5,600.0,4.29,52,96.1,79.2,Not Met,No
2025-09-06,Agent_011,Team D,Billing,Chat,Complaint,Coached,4-6 months,Morning,Evaluator 3,79.7,455.0,4.47,54,92.8,81.2,Not Met,No
2025-06-13,Agent_059,Team C,Billing,Voice,Policy Question,Coached,0-3 months,Morning,Evaluator 1,68.2,724.0,3.3,17,86.4,68.7,Not Met,Yes
2025-12-23,Agent_098,Team C,Tech Support,Voice,Billing Issue,Not Coached,4-6 months,Night,Evaluator 4,66.8,870.0,3.59,28,79.0,69.2,Not Met,Yes
2025-07-11,Agent_088,Team F,Billing,Voice,Account Access,Not Coached,7-12 months,Mid,Evaluator 1,70.8,622.0,3.64,13,86.7,75.8,Not Met,Yes
2025-08-15,Agent_079,Team A,Sales,Voice,Policy Question,Not Coached,7-12 months,Night,Evaluator 1,85.2,756.0,3.81,35,90.5,70.6,Met,No
2025-06-26,Agent_038,Team D,Claims,Voice,Escalation,Coached,12+ months,Mid,Evaluator 1,80.4,774.0,3.92,47,86.3,80.1,Not Met,No
2025-04-09,Agent_072,Team F,Sales,Chat,Cancellation,Coached,4-6 months,Mid,Evaluator 3,89.3,597.0,3.92,27,85.8,76.9,Met,No
2025-02-05,Agent_005,Team D,Banking Support,Voice,Upsell Inquiry,Coached,7-12 months,Night,Evaluator 4,90.9,672.0,3.78,38,92.0,69.3,Met,No
2025-04-06,Agent_048,Team F,Banking Support,Voice,Upsell Inquiry,Not Coached,7-12 months,Mid,Evaluator 2,85.8,672.0,3.67,42,89.5,77.2,Met,No
2025-06-01,Agent_090,Team A,Retail Support,Voice,Escalation,Not Coached,7-12 months,Morning,Evaluator 1,82.0,821.0,3.99,40,93.6,70.5,Not Met,No
2025-05-31,Agent_018,Team C,Retail Support,Chat,Cancellation,Coached,4-6 months,Mid,Evaluator 4,79.1,598.0,4.28,45,87.2,74.0,Not Met,No
2025-07-09,Agent_070,Team B,Banking Support,Voice,Upsell Inquiry,Coached,7-12 months,Night,Evaluator 4,,676.0,3.53,13,93.2,76.3,Met,No
2025-08-12,Agent_037,Team E,Billing,Chat,Upsell Inquiry,Coached,7-12 months,Morning,Evaluator 2,91.7,373.0,4.1,28,87.2,78.0,Met,No
2025-02-06,Agent_060,Team F,Sales,Voice,Upsell Inquiry,Not Coached,7-12 months,Morning,Evaluator 1,87.4,492.0,4.24,51,89.8,86.3,Met,No
2025-09-25,Agent_048,Team B,Banking Support,Email,Escalation,Not Coached,12+ months,Morning,Evaluator 3,92.6,575.0,4.04,44,93.2,72.5,Met,No
2025-07-02,Agent_077,Team D,Retail Support,Email,Complaint,Not Coached,4-6 months,Night,Evaluator 4,93.4,586.0,3.75,35,94.3,76.5,Met,No
2025-01-13,Agent_028,Team B,Banking Support,Voice,Account Access,Coached,0-3 months,Morning,Evaluator 2,76.5,687.0,3.78,28,86.7,74.2,Not Met,No
2025-10-06,Agent_069,Team D,Billing,Voice,Escalation,Coached,7-12 months,Mid,Evaluator 3,82.5,702.0,4.04,38,93.1,76.2,Not Met,No
2025-08-05,Agent_077,Team C,Banking Support,Voice,Cancellation,Coached,7-12 months,Morning,Evaluator 4,82.3,644.0,3.86,43,93.0,74.9,Not Met,No
2025-12-21,Agent_081,Team F,Sales,Voice,Policy Question,Coached,0-3 months,Morning,Evaluator 1,75.7,582.0,3.96,33,82.6,73.1,Not Met,Yes
2025-12-27,Agent_114,Team D,Claims,Chat,Complaint,Coached,12+ months,Mid,Evaluator 4,95.9,612.0,4.08,43,100.0,75.7,Met,No
2025-10-13,Agent_040,Team C,Billing,Chat,Complaint,Not Coached,12+ months,Morning,Evaluator 3,83.4,513.0,3.92,37,93.0,75.3,Not Met,No
2025-09-30,Agent_045,Team A,Retail Support,Chat,Policy Question,Not Coached,12+ months,Mid,Evaluator 3,90.2,462.0,4.39,40,86.8,86.5,Met,No
2025-03-03,Agent_096,Team B,Sales,Chat,Billing Issue,Coached,0-3 months,Night,Evaluator 1,80.2,457.0,4.01,32,89.6,76.0,Not Met,No
2025-03-25,Agent_062,Team B,Banking Support,Voice,Refund Request,Not Coached,12+ months,Night,Evaluator 1,80.4,800.0,3.6,38,89.6,82.1,Not Met,No
2025-08-05,Agent_093,Team B,Banking Support,Voice,Account Access,Coached,7-12 months,Morning,Evaluator 2,84.7,718.0,4.43,46,90.9,78.0,Not Met,No
2025-12-08,Agent_115,Team F,Claims,Chat,Account Access,Coached,7-12 months,Night,Evaluator 1,79.8,566.0,4.05,30,92.1,67.6,Not Met,No
2025-07-06,Agent_058,Team D,Retail Support,Voice,Billing Issue,Coached,7-12 months,Mid,Evaluator 2,87.1,680.0,3.42,22,96.3,80.0,Met,No
2025-01-19,Agent_067,Team D,Retail Support,Chat,Refund Request,Coached,12+ months,Night,Evaluator 3,98.4,560.0,4.41,36,92.1,79.9,Met,No
2025-06-26,Agent_056,Team A,Tech Support,Voice,Account Access,Coached,7-12 months,Mid,Evaluator 3,82.5,734.0,4.25,49,91.2,70.3,Not Met,No
2025-04-10,Agent_040,Team F,Retail Support,Voice,Cancellation,Coached,4-6 months,Mid,Evaluator 4,74.5,692.0,4.0,31,90.8,79.2,Not Met,Yes
2025-08-21,Agent_098,Team E,Claims,Email,Technical Troubleshooting,Coached,7-12 months,Night,Evaluator 4,86.6,671.0,4.01,29,90.3,72.8,Met,No
2025-03-17,Agent_040,Team A,Tech Support,Voice,Technical Troubleshooting,Not Coached,7-12 months,Night,Evaluator 2,75.0,848.0,4.28,46,87.5,70.3,Not Met,No
2025-09-22,Agent_091,Team E,Tech Support,Email,Account Access,Coached,0-3 months,Mid,Evaluator 1,80.3,475.0,3.78,15,90.2,77.1,Not Met,No
2025-10-11,Agent_077,Team D,Banking Support,Email,Order Status,Coached,12+ months,Morning,Evaluator 1,92.1,544.0,4.18,39,91.7,85.0,Met,No
2025-07-25,Agent_109,Team A,Banking Support,Chat,Account Access,Coached,7-12 months,Morning,Evaluator 4,99.5,417.0,4.72,52,97.2,83.3,Met,No
2025-08-11,Agent_033,Team C,Retail Support,Chat,Policy Question,Not Coached,7-12 months,Morning,Evaluator 3,90.2,599.0,4.4,37,89.5,76.0,Met,No
2025-02-21,Agent_006,Team C,Tech Support,Voice,Policy Question,Coached,0-3 months,Morning,Evaluator 2,70.0,793.0,,19,87.2,66.3,Not Met,Yes
2025-12-05,Agent_088,Team B,Banking Support,Email,Refund Request,Not Coached,7-12 months,Morning,Evaluator 3,89.3,467.0,4.57,41,88.4,84.5,Met,No
2025-05-24,Agent_019,Team F,Claims,Voice,Upsell Inquiry,Coached,0-3 months,Night,Evaluator 3,64.6,686.0,4.04,36,81.0,72.8,Not Met,Yes
2025-03-10,Agent_080,Team F,Banking Support,Voice,Complaint,Coached,0-3 months,Morning,Evaluator 1,77.8,711.0,4.17,28,87.7,70.9,Not Met,No
2025-04-09,Agent_040,Team D,Billing,Chat,Cancellation,Not Coached,7-12 months,Mid,Evaluator 2,80.7,614.0,4.17,40,90.7,75.7,Not Met,No
2025-01-25,Agent_092,Team C,Billing,Voice,Billing Issue,Coached,4-6 months,Morning,Evaluator 3,78.0,728.0,3.88,24,84.5,76.4,Not Met,Yes
2025-02-22,Agent_097,Team C,Banking Support,Voice,Account Access,Coached,7-12 months,Morning,Evaluator 4,86.4,705.0,4.36,34,93.2,73.3,Met,No
2025-05-31,Agent_059,Team D,Tech Support,Voice,Upsell Inquiry,Coached,0-3 months,Morning,Evaluator 4,76.5,756.0,3.72,31,87.9,75.6,Not Met,No
2025-05-24,Agent_059,Team D,Tech Support,Voice,Upsell Inquiry,Not Coached,4-6 months,Morning,Evaluator 1,80.8,709.0,4.29,36,85.5,71.6,Not Met,No
2025-02-26,Agent_048,Team A,Sales,Email,Cancellation,Coached,0-3 months,Night,Evaluator 4,86.9,562.0,4.51,57,91.9,79.2,Met,No
2025-02-08,Agent_041,Team D,Billing,Voice,Billing Issue,Coached,12+ months,Night,Evaluator 4,94.8,752.0,4.25,38,95.7,76.6,Met,No
2025-04-19,Agent_013,Team E,Claims,Email,Policy Question,Not Coached,7-12 months,Morning,Evaluator 3,85.1,509.0,3.97,40,84.1,73.5,Met,Yes
2025-06-30,Agent_107,Team C,Tech Support,Chat,Escalation,Coached,7-12 months,Mid,Evaluator 4,73.3,695.0,3.94,24,93.2,74.2,Not Met,Yes
2025-02-11,Agent_045,Team A,Retail Support,Chat,Cancellation,Not Coached,4-6 months,Mid,Evaluator 4,85.1,595.0,3.74,26,97.9,67.8,Met,No
2025-07-05,Agent_089,Team E,Billing,Voice,Upsell Inquiry,Not Coached,0-3 months,Night,Evaluator 3,68.7,626.0,3.68,12,79.3,68.4,Not Met,Yes
2025-08-11,Agent_053,Team B,Claims,Chat,Technical Troubleshooting,Coached,12+ months,Night,Evaluator 1,80.7,651.0,4.16,34,92.0,71.4,Not Met,No
2025-05-02,Agent_042,Team B,Claims,Voice,Account Access,Coached,4-6 months,Mid,Evaluator 1,70.2,777.0,3.53,23,91.0,80.5,Not Met,Yes
2025-05-13,Agent_100,Team B,Tech Support,Chat,Refund Request,Coached,4-6 months,Mid,Evaluator 2,81.5,619.0,3.93,34,97.5,69.8,Not Met,No
2025-06-12,Agent_063,Team C,Claims,Voice,Technical Troubleshooting,Not Coached,7-12 months,Night,Evaluator 4,68.7,844.0,4.1,37,84.9,80.7,Not Met,Yes
2025-08-03,Agent_027,Team E,Tech Support,Email,Upsell Inquiry,Not Coached,0-3 months,Morning,Evaluator 3,55.0,592.0,3.78,32,79.1,74.2,Not Met,Yes
2025-08-09,Agent_038,Team D,Banking Support,Email,Complaint,Not Coached,12+ months,Morning,Evaluator 2,80.5,674.0,4.2,48,88.9,74.6,Not Met,No
2025-08-23,Agent_060,Team B,Billing,Voice,Order Status,Not Coached,7-12 months,Night,Evaluator 1,77.9,621.0,4.1,30,94.4,79.8,Not Met,No
2025-11-27,Agent_007,Team F,Sales,Voice,Billing Issue,Not Coached,4-6 months,Mid,Evaluator 1,80.0,608.0,3.86,32,85.5,72.4,Not Met,No
2025-05-26,Agent_005,Team F,Banking Support,Chat,Policy Question,Coached,0-3 months,Mid,Evaluator 3,82.9,549.0,3.96,26,84.8,69.7,Not Met,Yes
2025-08-27,Agent_107,Team F,Billing,Voice,Account Access,Coached,0-3 months,Mid,Evaluator 2,76.4,670.0,3.91,35,88.2,73.0,Not Met,No
2025-03-17,Agent_045,Team B,Tech Support,Email,Refund Request,Not Coached,12+ months,Morning,Evaluator 2,83.4,601.0,3.57,42,91.6,80.7,Not Met,No
2025-01-09,Agent_058,Team C,Billing,Voice,Escalation,Coached,7-12 months,Mid,Evaluator 3,81.4,708.0,4.08,23,93.3,79.4,Not Met,No
2025-03-15,Agent_115,Team F,Tech Support,Voice,Policy Question,Coached,4-6 months,Mid,Evaluator 3,72.9,695.0,3.87,36,89.1,75.9,Not Met,Yes
2025-09-10,Agent_031,Team E,Banking Support,Email,Account Access,Not Coached,0-3 months,Morning,Evaluator 2,79.6,576.0,4.05,41,84.3,70.4,Not Met,Yes
2025-08-18,Agent_023,Team A,Retail Support,Chat,Escalation,Coached,7-12 months,Mid,Evaluator 1,87.8,594.0,4.2,33,93.2,84.5,Met,No
2025-01-07,Agent_042,Team A,Retail Support,Chat,Refund Request,Not Coached,7-12 months,Night,Evaluator 4,87.5,507.0,4.11,43,87.2,84.6,Met,No
2025-06-23,Agent_010,Team C,Billing,Voice,Upsell Inquiry,Not Coached,4-6 months,Morning,Evaluator 1,78.7,664.0,3.86,26,85.4,73.9,Not Met,No
2025-05-21,Agent_032,Team F,Retail Support,Chat,Order Status,Coached,4-6 months,Mid,Evaluator 3,87.1,576.0,4.06,35,89.8,81.4,Met,No
2025-06-17,Agent_107,Team D,Tech Support,Voice,Technical Troubleshooting,Not Coached,4-6 months,Morning,Evaluator 2,73.4,817.0,4.09,32,86.8,79.8,Not Met,Yes
2025-06-19,Agent_053,Team C,Claims,Chat,Technical Troubleshooting,Coached,7-12 months,Mid,Evaluator 2,75.8,682.0,3.91,28,83.7,72.7,Not Met,Yes
2025-10-10,Agent_030,Team A,Tech Support,Chat,Upsell Inquiry,Coached,12+ months,Morning,Evaluator 4,92.1,479.0,4.31,53,89.9,78.8,Met,No
2025-05-02,Agent_039,Team D,Claims,Voice,Policy Question,Coached,0-3 months,Mid,Evaluator 2,76.5,728.0,3.59,26,88.2,69.8,Not Met,No
2025-07-13,Agent_031,Team E,Banking Support,Voice,Upsell Inquiry,Coached,7-12 months,Night,Evaluator 4,83.5,689.0,3.85,23,92.3,68.8,Not Met,No
2025-01-05,Agent_082,Team C,Sales,Voice,Upsell Inquiry,Coached,4-6 months,Morning,Evaluator 1,85.4,514.0,4.34,40,94.0,79.4,Met,No
2025-01-29,Agent_100,Team E,Claims,Chat,Account Access,Coached,4-6 months,Night,Evaluator 1,78.6,540.0,4.06,16,85.9,69.5,Not Met,No
2025-06-14,Agent_002,Team F,Retail Support,Voice,Account Access,Coached,4-6 months,Night,Evaluator 2,76.7,694.0,3.66,21,87.0,79.0,Not Met,No
2025-12-05,Agent_078,Team B,Tech Support,Chat,Refund Request,Coached,12+ months,Morning,Evaluator 2,89.3,652.0,3.81,41,91.0,75.0,Met,No
2025-05-16,Agent_077,Team D,Banking Support,Voice,Order Status,Not Coached,7-12 months,Morning,Evaluator 3,76.0,601.0,3.86,32,87.5,82.8,Not Met,No
2025-12-31,Agent_093,Team B,Retail Support,Chat,Account Access,Not Coached,7-12 months,Night,Evaluator 3,87.6,511.0,4.31,38,93.0,68.8,Met,No
2025-11-17,Agent_012,Team E,Banking Support,Chat,Refund Request,Coached,4-6 months,Night,Evaluator 2,79.9,591.0,4.11,35,94.8,73.3,Not Met,No
2025-12-08,Agent_039,Team D,Sales,Voice,Complaint,Coached,0-3 months,Morning,Evaluator 2,69.0,661.0,3.17,26,86.5,68.5,Not Met,Yes
2025-05-25,Agent_066,Team D,Tech Support,Voice,Upsell Inquiry,Coached,0-3 months,Morning,Evaluator 1,75.1,775.0,3.8,41,83.9,76.5,Not Met,Yes
2025-11-23,Agent_096,Team E,Billing,Voice,Upsell Inquiry,Coached,7-12 months,Morning,Evaluator 2,78.3,608.0,3.97,27,92.2,82.7,Not Met,No
2025-08-05,Agent_013,Team C,Tech Support,Chat,Policy Question,Not Coached,0-3 months,Night,Evaluator 3,68.3,628.0,3.6,21,84.4,62.5,Not Met,Yes
2025-10-28,Agent_046,Team F,Sales,Chat,Complaint,Not Coached,7-12 months,Morning,Evaluator 1,84.4,431.0,4.06,35,90.9,83.9,Not Met,No
2025-05-12,Agent_027,Team D,Tech Support,Voice,Policy Question,Coached,4-6 months,Mid,Evaluator 4,80.3,677.0,4.25,48,95.7,79.4,Not Met,No
2025-10-19,Agent_113,Team B,Billing,Chat,Escalation,Coached,4-6 months,Night,Evaluator 3,76.8,618.0,4.09,37,85.4,77.3,Not Met,No
2025-03-11,Agent_105,Team E,Claims,Voice,Refund Request,Coached,7-12 months,Morning,Evaluator 3,68.3,751.0,3.68,41,83.4,75.1,Not Met,Yes
2025-09-09,Agent_017,Team E,Banking Support,Voice,Refund Request,Not Coached,4-6 months,Mid,Evaluator 1,79.7,695.0,3.72,24,85.0,73.7,Not Met,No
2025-10-02,Agent_104,Team B,Billing,Email,Upsell Inquiry,Coached,0-3 months,Morning,Evaluator 4,91.3,381.0,4.14,54,88.3,83.0,Met,No
2025-12-30,Agent_095,Team F,Retail Support,Voice,Cancellation,Not Coached,4-6 months,Night,Evaluator 3,71.7,760.0,3.84,23,86.5,67.2,Not Met,Yes
2025-07-01,Agent_098,Team F,Sales,Voice,Escalation,Not Coached,7-12 months,Morning,Evaluator 2,81.2,587.0,3.67,17,98.3,81.8,Not Met,No
2025-06-16,Agent_060,Team B,Claims,Voice,Refund Request,Coached,7-12 months,Mid,Evaluator 3,80.6,805.0,3.7,27,90.5,74.2,Not Met,No
2025-04-01,Agent_064,Team F,Retail Support,Voice,Account Access,Not Coached,4-6 months,Mid,Evaluator 1,78.8,675.0,4.09,44,85.9,74.1,Not Met,No
2025-07-21,Agent_088,Team A,Retail Support,Voice,Upsell Inquiry,Not Coached,7-12 months,Morning,Evaluator 1,90.0,545.0,4.09,35,92.2,81.4,Met,No
2025-12-12,Agent_109,Team B,Sales,Voice,Policy Question,Not Coached,0-3 months,Morning,Evaluator 1,72.6,632.0,3.7,24,89.9,68.0,Not Met,Yes
2025-01-19,Agent_035,Team B,Claims,Chat,Complaint,Coached,4-6 months,Morning,Evaluator 3,74.2,751.0,3.69,36,87.3,66.9,Not Met,Yes
2025-02-08,Agent_112,Team F,Retail Support,Voice,Policy Question,Coached,0-3 months,Morning,Evaluator 4,76.0,740.0,3.97,38,86.9,70.6,Not Met,No
2025-05-06,Agent_070,Team D,Retail Support,Voice,Technical Troubleshooting,Not Coached,12+ months,Night,Evaluator 2,83.7,724.0,3.8,25,95.4,81.7,Not Met,No
2025-06-22,Agent_083,Team B,Claims,Voice,Cancellation,Not Coached,4-6 months,Night,Evaluator 1,74.9,814.0,3.86,24,91.7,66.1,Not Met,Yes
2025-05-21,Agent_030,Team C,Tech Support,Voice,Refund Request,Not Coached,4-6 months,Mid,Evaluator 4,71.4,702.0,3.64,31,86.2,72.7,Not Met,Yes
2025-08-30,Agent_071,Team D,Retail Support,Chat,Order Status,Not Coached,4-6 months,Mid,Evaluator 2,96.5,400.0,3.93,24,97.6,77.5,Met,No
2025-08-08,Agent_074,Team A,Banking Support,Email,Billing Issue,Not Coached,0-3 months,Mid,Evaluator 1,91.2,496.0,4.12,49,95.2,73.5,Met,No
2025-05-06,Agent_105,Team F,Claims,Voice,Cancellation,Not Coached,7-12 months,Night,Evaluator 2,72.4,805.0,3.75,33,84.2,74.1,Not Met,Yes
2025-02-27,Agent_096,Team E,Retail Support,Email,Upsell Inquiry,Coached,0-3 months,Mid,Evaluator 2,70.0,470.0,4.14,17,79.0,78.8,Not Met,Yes
2025-05-28,Agent_098,Team D,Sales,Voice,Refund Request,Coached,0-3 months,Morning,Evaluator 4,85.2,685.0,4.1,37,91.7,69.9,Met,No
2025-11-13,Agent_063,Team F,Billing,Voice,Complaint,Not Coached,7-12 months,Morning,Evaluator 2,82.0,747.0,3.75,12,94.2,78.9,Not Met,No
2025-12-27,Agent_028,Team C,Banking Support,Voice,Refund Request,Not Coached,4-6 months,Mid,Evaluator 1,72.5,631.0,3.93,21,85.7,75.3,Not Met,Yes
2025-01-01,Agent_060,Team F,Billing,Voice,Billing Issue,Not Coached,7-12 months,Mid,Evaluator 4,77.3,682.0,3.81,26,87.7,73.9,Not Met,No
2025-12-14,Agent_079,Team D,Billing,Voice,Complaint,Coached,7-12 months,Mid,Evaluator 3,79.9,773.0,4.04,25,89.7,75.8,Not Met,No
2025-07-09,Agent_094,Team D,Retail Support,Chat,,Not Coached,4-6 months,Morning,Evaluator 3,79.8,539.0,4.09,56,85.0,85.4,Not Met,No
2025-07-10,Agent_037,Team B,Banking Support,Voice,Complaint,Not Coached,7-12 months,Mid,Evaluator 4,72.9,745.0,3.72,35,94.5,76.9,Not Met,Yes
2025-11-08,Agent_093,Team F,Banking Support,Email,Cancellation,Coached,0-3 months,Morning,Evaluator 3,73.8,563.0,3.83,42,86.4,72.3,Not Met,Yes
2025-04-27,Agent_022,Team C,Tech Support,Voice,Policy Question,Coached,7-12 months,Morning,Evaluator 2,74.1,782.0,3.85,27,90.0,72.5,Not Met,Yes
2025-05-14,Agent_068,Team B,Billing,Voice,Refund Request,Coached,4-6 months,Morning,Evaluator 1,70.1,597.0,4.28,40,83.8,77.0,Not Met,Yes
2025-02-27,Agent_020,Team A,Banking Support,Chat,Upsell Inquiry,Coached,4-6 months,Morning,Evaluator 2,89.9,559.0,4.31,56,95.6,80.9,Met,No
2025-02-13,Agent_096,Team D,Tech Support,Voice,Escalation,Coached,7-12 months,Mid,Evaluator 4,82.5,804.0,3.66,31,93.9,74.7,Not Met,No
2025-06-22,Agent_100,Team D,Claims,Voice,Upsell Inquiry,Coached,12+ months,Morning,Evaluator 1,86.4,724.0,3.79,36,88.5,84.0,Met,No
2025-06-09,Agent_114,Team E,Tech Support,Chat,Refund Request,Coached,12+ months,Mid,Evaluator 4,77.6,493.0,3.92,24,90.0,78.5,Not Met,No
2025-06-22,Agent_068,Team F,Sales,Email,Billing Issue,Not Coached,7-12 months,Mid,Evaluator 4,82.0,511.0,3.93,27,89.7,71.7,Not Met,No
2025-11-13,Agent_091,Team A,Retail Support,Chat,Escalation,Not Coached,4-6 months,Morning,Evaluator 4,84.6,496.0,3.72,35,88.5,79.6,Not Met,No
2025-10-30,Agent_064,Team E,Claims,Chat,Refund Request,Not Coached,4-6 months,Morning,Evaluator 2,69.3,730.0,3.9,31,74.6,69.1,Not Met,Yes
2025-05-29,Agent_017,Team B,Claims,Chat,Order Status,Coached,4-6 months,Night,Evaluator 1,80.3,652.0,3.86,24,87.5,69.3,Not Met,No
2025-03-21,Agent_012,Team F,Sales,Email,Cancellation,Coached,7-12 months,Mid,Evaluator 1,96.0,392.0,4.34,45,92.5,79.3,Met,No
2025-08-01,Agent_022,Team E,Tech Support,Voice,Order Status,Not Coached,4-6 months,Morning,Evaluator 1,63.9,770.0,3.61,13,82.6,68.6,Not Met,Yes
2025-07-22,Agent_017,Team D,Retail Support,Voice,Policy Question,Coached,12+ months,Morning,Evaluator 2,90.9,619.0,4.07,37,92.9,83.3,Met,No
2025-09-09,Agent_010,Team E,Tech Support,Voice,Technical Troubleshooting,Not Coached,4-6 months,Mid,Evaluator 3,60.2,825.0,3.48,8,89.7,62.8,Not Met,Yes
2025-08-17,Agent_118,Team B,Banking Support,Voice,Refund Request,Not Coached,4-6 months,Mid,Evaluator 2,75.6,686.0,3.87,42,88.5,75.0,Not Met,No
2025-06-13,Agent_065,Team C,Tech Support,Chat,Account Access,Coached,4-6 months,Mid,Evaluator 2,71.0,605.0,3.74,25,79.8,83.9,Not Met,Yes
2025-08-15,Agent_022,Team E,Claims,Chat,Account Access,Not Coached,12+ months,Mid,Evaluator 4,71.6,568.0,3.94,25,87.0,76.2,Not Met,Yes
2025-05-27,Agent_090,Team C,Retail Support,Voice,Complaint,Coached,7-12 months,Morning,Evaluator 1,82.5,639.0,4.26,27,90.0,75.0,Not Met,No
2025-01-20,Agent_120,Team C,Tech Support,Voice,Upsell Inquiry,Coached,7-12 months,Morning,Evaluator 1,80.6,739.0,3.95,20,86.0,76.4,Not Met,No
2025-02-16,Agent_082,Team C,Retail Support,Chat,Upsell Inquiry,Not Coached,4-6 months,Night,Evaluator 3,85.7,454.0,4.09,39,88.7,79.6,Met,No
2025-08-21,Agent_050,Team E,Retail Support,Voice,Upsell Inquiry,Coached,12+ months,Night,Evaluator 3,89.5,525.0,3.75,35,84.7,84.4,Met,Yes
2025-11-01,Agent_014,Team C,Banking Support,Chat,Order Status,Not Coached,0-3 months,Morning,Evaluator 4,78.6,481.0,4.08,42,83.9,74.4,Not Met,Yes
2025-01-14,Agent_064,Team B,Banking Support,Voice,Cancellation,Coached,12+ months,Mid,Evaluator 1,80.9,836.0,3.99,44,88.2,76.4,Not Met,No
2025-05-23,Agent_047,Team E,Claims,Voice,Refund Request,Coached,7-12 months,Morning,Evaluator 3,68.3,728.0,3.88,42,87.3,76.2,Not Met,Yes
2025-01-01,Agent_029,Team E,Sales,Voice,Billing Issue,Not Coached,4-6 months,Morning,Evaluator 3,77.7,519.0,3.98,39,87.9,74.2,Not Met,No
2025-02-23,Agent_076,Team A,Retail Support,Voice,Complaint,Not Coached,7-12 months,Morning,Evaluator 1,82.3,750.0,3.87,29,91.2,74.1,Not Met,No
2025-09-16,Agent_036,Team B,Sales,Chat,Policy Question,Coached,7-12 months,Morning,Evaluator 2,87.3,414.0,4.38,45,91.4,82.0,Met,No
2025-05-24,Agent_099,Team A,Claims,Email,Escalation,Coached,0-3 months,Mid,Evaluator 3,78.6,592.0,4.34,25,89.3,70.7,Not Met,No
2025-01-12,Agent_052,Team C,Retail Support,Chat,Policy Question,Not Coached,12+ months,Mid,Evaluator 1,85.0,506.0,4.11,40,89.2,77.2,Met,No
2025-11-26,Agent_076,Team C,Retail Support,Voice,Refund Request,Coached,4-6 months,Morning,Evaluator 3,77.1,787.0,3.54,23,90.3,77.0,Not Met,No
2025-08-12,Agent_007,Team E,Billing,Voice,Technical Troubleshooting,Not Coached,4-6 months,Morning,Evaluator 4,72.0,776.0,3.48,33,87.6,74.0,Not Met,Yes
2025-09-29,Agent_029,Team D,Sales,Chat,Upsell Inquiry,Not Coached,0-3 months,Night,Evaluator 3,84.5,352.0,4.35,39,92.2,77.3,Not Met,No
2025-12-24,Agent_011,Team D,Tech Support,Chat,Escalation,Not Coached,4-6 months,Morning,Evaluator 1,75.7,624.0,3.75,35,89.0,75.3,Not Met,No
2025-06-05,Agent_033,Team C,Banking Support,Voice,Order Status,Not Coached,7-12 months,Mid,Evaluator 3,79.3,597.0,3.97,24,82.4,79.7,Not Met,Yes
2025-01-08,Agent_006,Team F,Tech Support,Voice,Refund Request,Coached,4-6 months,Morning,Evaluator 4,75.5,768.0,3.75,27,91.8,74.1,Not Met,No
2025-05-02,Agent_111,Team C,Sales,Chat,Technical Troubleshooting,Not Coached,7-12 months,Mid,Evaluator 4,77.8,657.0,3.63,12,92.8,77.7,Not Met,No
2025-12-14,Agent_079,Team F,Banking Support,Voice,Order Status,Not Coached,4-6 months,Morning,Evaluator 3,87.6,734.0,3.99,43,96.7,74.3,Met,No
2025-06-13,Agent_032,Team D,Tech Support,Voice,Technical Troubleshooting,Coached,12+ months,Morning,Evaluator 3,82.1,972.0,3.88,38,98.0,71.8,Not Met,No
2025-03-31,Agent_051,Team A,Billing,Voice,Upsell Inquiry,Not Coached,7-12 months,Morning,Evaluator 4,79.0,666.0,3.69,27,90.0,75.8,Not Met,No
2025-05-16,Agent_075,Team E,Banking Support,Voice,Order Status,Coached,12+ months,Morning,Evaluator 4,90.7,673.0,4.0,33,90.8,70.6,Met,No
2025-07-05,Agent_058,Team C,Retail Support,Email,Cancellation,Coached,0-3 months,Mid,Evaluator 2,71.9,460.0,4.11,36,84.9,79.2,Not Met,Yes
2025-11-12,Agent_087,Team E,Tech Support,Email,Account Access,Coached,4-6 months,Mid,Evaluator 2,76.1,555.0,4.14,29,84.8,74.8,Not Met,Yes
2025-06-27,Agent_026,Team A,Banking Support,Voice,Policy Question,Not Coached,4-6 months,Morning,Evaluator 4,83.7,698.0,3.95,36,89.9,67.6,Not Met,No
2025-01-28,Agent_098,Team B,Billing,Voice,,Coached,7-12 months,Morning,Evaluator 3,87.9,773.0,4.2,33,96.4,71.9,Met,No
2025-08-08,Agent_046,Team F,Banking Support,Voice,Escalation,Not Coached,12+ months,Mid,Evaluator 1,76.4,688.0,3.88,39,85.3,79.0,Not Met,No
2025-12-23,Agent_098,Team B,Banking Support,Voice,Complaint,Not Coached,0-3 months,Mid,Evaluator 3,55.1,738.0,3.72,27,83.2,63.0,Not Met,Yes
2025-02-10,Agent_029,Team E,Billing,Voice,Account Access,Coached,0-3 months,Night,Evaluator 3,69.2,578.0,3.67,45,89.1,69.2,Not Met,Yes
2025-08-16,Agent_004,Team B,Tech Support,Chat,Cancellation,Coached,12+ months,Mid,Evaluator 2,88.3,664.0,3.81,30,97.4,78.0,Met,No
2025-07-11,Agent_081,Team D,Claims,Voice,Refund Request,Not Coached,4-6 months,Mid,Evaluator 2,71.0,787.0,3.57,27,86.4,77.4,Not Met,Yes
2025-05-25,Agent_099,Team E,Tech Support,Voice,Technical Troubleshooting,Coached,7-12 months,Mid,Evaluator 2,78.0,771.0,3.82,30,93.8,76.3,Not Met,No
2025-07-20,Agent_013,Team D,Sales,Voice,Escalation,Not Coached,7-12 months,Night,Evaluator 4,85.9,596.0,3.96,42,94.4,83.5,Met,No
2025-07-31,Agent_105,Team B,Billing,Voice,Refund Request,Coached,12+ months,Night,Evaluator 4,87.1,634.0,4.12,37,92.0,78.9,Met,No
2025-08-08,Agent_039,Team B,Tech Support,Voice,Account Access,Coached,0-3 months,Morning,Evaluator 3,63.2,730.0,3.58,30,78.9,70.9,Not Met,Yes
2025-08-28,Agent_015,Team A,Banking Support,Voice,Technical Troubleshooting,Not Coached,0-3 months,Morning,Evaluator 3,67.8,723.0,3.66,31,82.4,75.2,Not Met,Yes
2025-02-15,Agent_119,Team B,Billing,Email,Escalation,Coached,7-12 months,Morning,Evaluator 1,89.9,611.0,3.85,26,89.6,74.1,Met,No
2025-02-04,Agent_029,Team D,Retail Support,Voice,Complaint,Coached,12+ months,Mid,Evaluator 3,87.3,729.0,4.45,34,96.3,72.4,Met,No
2025-09-10,Agent_029,Team F,Tech Support,Voice,Account Access,Coached,4-6 months,Mid,Evaluator 3,76.0,773.0,3.78,34,91.5,67.6,Not Met,No
2025-03-23,Agent_075,Team F,Billing,Email,Escalation,Coached,4-6 months,Mid,Evaluator 2,83.3,448.0,,50,87.8,83.8,Not Met,No
2025-09-13,Agent_116,Team E,Tech Support,Email,Cancellation,Coached,7-12 months,Morning,Evaluator 2,82.1,676.0,3.85,15,87.2,71.1,Not Met,No
2025-07-16,Agent_032,Team E,Billing,Voice,Escalation,Not Coached,12+ months,Mid,Evaluator 2,69.3,771.0,4.08,19,87.9,76.4,Not Met,Yes
2025-10-30,Agent_002,Team D,Banking Support,Chat,Account Access,Coached,12+ months,Night,Evaluator 2,89.3,482.0,3.86,23,93.2,82.4,Met,No
2025-01-10,Agent_047,Team B,Retail Support,Voice,Upsell Inquiry,Coached,12+ months,Morning,Evaluator 2,85.3,540.0,4.12,44,93.6,84.6,Met,No
2025-11-08,Agent_078,Team F,Retail Support,Voice,Cancellation,Not Coached,0-3 months,Mid,Evaluator 1,66.4,711.0,3.42,30,85.6,66.5,Not Met,Yes
2025-10-13,Agent_084,Team E,Sales,Voice,Refund Request,Coached,0-3 months,Mid,Evaluator 1,67.1,614.0,3.33,11,79.2,70.0,Not Met,Yes
2025-08-30,Agent_022,Team D,Billing,Chat,Account Access,Coached,7-12 months,Night,Evaluator 1,86.9,482.0,4.03,55,91.8,82.7,Met,No
2025-09-08,Agent_075,Team A,Tech Support,Chat,Upsell Inquiry,Not Coached,12+ months,Night,Evaluator 2,96.6,516.0,4.25,39,92.0,79.0,Met,No
2025-12-31,Agent_027,Team C,Retail Support,Voice,Billing Issue,Not Coached,4-6 months,Mid,Evaluator 4,73.7,710.0,3.6,35,89.6,61.9,Not Met,Yes
2025-01-05,Agent_067,Team C,Retail Support,Voice,Complaint,Not Coached,4-6 months,Mid,Evaluator 2,69.8,562.0,4.01,39,83.3,69.6,Not Met,Yes
2025-04-29,Agent_081,Team F,Claims,Chat,Upsell Inquiry,Not Coached,12+ months,Night,Evaluator 2,83.5,604.0,4.02,27,90.8,73.0,Not Met,No
2025-10-16,Agent_108,Team D,Claims,Voice,Billing Issue,Coached,0-3 months,Mid,Evaluator 1,68.8,785.0,3.78,27,90.3,66.7,Not Met,Yes
2025-03-06,Agent_056,Team C,Retail Support,Voice,Policy Question,Not Coached,4-6 months,Morning,Evaluator 2,74.5,687.0,4.08,26,85.6,75.1,Not Met,Yes
2025-05-26,Agent_092,Team F,Billing,Chat,Technical Troubleshooting,Coached,7-12 months,Night,Evaluator 1,79.8,617.0,3.88,21,85.1,78.5,Not Met,No
2025-08-12,Agent_093,Team A,Sales,Chat,Upsell Inquiry,Coached,7-12 months,Morning,Evaluator 2,98.2,475.0,4.31,42,97.2,82.2,Met,No
2025-08-27,Agent_021,Team C,Retail Support,Chat,Order Status,Coached,7-12 months,Morning,Evaluator 3,88.5,473.0,3.71,19,92.3,87.5,Met,No
2025-06-26,Agent_047,Team A,Banking Support,Email,Complaint,Coached,4-6 months,Night,Evaluator 4,84.3,520.0,4.17,39,92.9,83.8,Not Met,No
2025-09-24,Agent_080,Team E,Tech Support,Voice,Upsell Inquiry,Coached,7-12 months,Mid,Evaluator 4,70.5,778.0,3.71,40,88.2,75.4,Not Met,Yes
2025-12-07,Agent_101,Team F,Sales,Chat,Billing Issue,Not Coached,7-12 months,Morning,Evaluator 1,78.4,575.0,3.74,35,83.4,71.2,Not Met,Yes
2025-10-09,Agent_059,Team B,Banking Support,Chat,Order Status,Coached,7-12 months,Morning,Evaluator 3,96.6,452.0,4.29,37,95.0,81.5,Met,No
2025-03-04,Agent_084,Team F,Sales,Voice,Complaint,Coached,7-12 months,Morning,Evaluator 4,83.5,678.0,3.79,25,96.6,77.0,Not Met,No
2025-08-05,Agent_006,Team B,Banking Support,Voice,Order Status,Coached,4-6 months,Morning,Evaluator 1,85.1,605.0,4.39,39,86.7,74.7,Met,No
2025-12-08,Agent_019,Team F,Tech Support,Voice,Cancellation,Coached,0-3 months,Morning,Evaluator 2,72.5,833.0,3.18,34,91.4,75.9,Not Met,Yes
2025-11-11,Agent_057,Team E,Tech Support,Voice,Billing Issue,Not Coached,0-3 months,Mid,Evaluator 2,68.4,717.0,3.75,17,86.4,69.6,Not Met,Yes
2025-10-10,Agent_069,Team E,Claims,Chat,Escalation,Coached,4-6 months,Morning,Evaluator 3,72.8,687.0,3.83,27,82.6,67.8,Not Met,Yes
2025-06-26,Agent_003,Team A,Billing,Chat,Cancellation,Coached,7-12 months,Mid,Evaluator 4,92.5,564.0,4.08,42,92.1,75.6,Met,No
2025-04-08,Agent_001,Team F,Banking Support,Voice,Complaint,Coached,12+ months,Morning,Evaluator 2,81.8,738.0,3.8,39,87.8,84.5,Not Met,No
2025-04-15,Agent_058,Team E,Claims,Voice,Complaint,Not Coached,7-12 months,Night,Evaluator 1,67.7,855.0,3.65,20,86.3,67.9,Not Met,Yes
2025-04-09,Agent_038,Team B,Banking Support,Email,Account Access,Coached,12+ months,Morning,Evaluator 2,100.0,440.0,4.47,37,94.9,74.1,Met,No
2025-11-07,Agent_015,Team E,Claims,Voice,Billing Issue,Coached,4-6 months,Morning,Evaluator 2,70.2,768.0,3.37,20,81.9,68.5,Not Met,Yes
2025-01-06,Agent_034,Team B,Tech Support,Voice,Policy Question,Coached,4-6 months,Morning,Evaluator 4,75.0,730.0,3.71,39,90.9,66.2,Not Met,No
2025-07-16,Agent_061,Team F,Sales,Voice,Policy Question,Coached,4-6 months,Mid,Evaluator 4,73.3,691.0,3.67,25,91.9,77.7,Not Met,Yes
2025-12-17,Agent_035,Team A,Claims,Voice,Complaint,Coached,0-3 months,Mid,Evaluator 1,70.9,863.0,3.52,19,91.5,61.8,Not Met,Yes
2025-05-13,Agent_064,Team E,Banking Support,Voice,Policy Question,Not Coached,0-3 months,Morning,Evaluator 3,72.9,,3.79,27,85.1,64.3,Not Met,Yes
2025-12-24,Agent_113,Team D,Banking Support,Voice,Technical Troubleshooting,Not Coached,7-12 months,Mid,Evaluator 3,83.1,679.0,4.07,23,86.9,75.7,Not Met,No
2025-09-16,Agent_025,Team A,,Voice,Account Access,Not Coached,12+ months,Morning,Evaluator 2,82.7,627.0,4.28,40,92.3,82.6,Not Met,No
2025-01-23,Agent_024,Team B,Tech Support,Voice,Complaint,Coached,0-3 months,Mid,Evaluator 1,70.7,929.0,3.78,37,88.6,67.1,Not Met,Yes
2025-02-22,Agent_012,Team A,Banking Support,Voice,Policy Question,Coached,0-3 months,Mid,Evaluator 3,90.0,672.0,4.1,45,95.1,68.9,Met,No
2025-06-14,Agent_018,Team C,Retail Support,Voice,Billing Issue,Coached,12+ months,Morning,Evaluator 3,82.3,767.0,3.52,21,90.7,74.6,Not Met,No
2025-07-21,Agent_015,Team B,Sales,Chat,Upsell Inquiry,Not Coached,4-6 months,Morning,Evaluator 2,91.4,382.0,4.51,60,90.1,78.5,Met,No
2025-03-24,Agent_108,Team D,Claims,Chat,Escalation,Not Coached,12+ months,Morning,Evaluator 1,80.4,585.0,4.01,51,88.2,83.2,Not Met,No
2025-05-25,Agent_080,Team B,Billing,Voice,Cancellation,Not Coached,7-12 months,Morning,Evaluator 3,74.6,773.0,4.05,40,86.1,76.6,Not Met,Yes
2025-03-26,Agent_027,Team B,Sales,Voice,Cancellation,Coached,12+ months,Mid,Evaluator 4,84.7,701.0,3.67,16,88.7,74.4,Not Met,No
2025-03-19,Agent_072,Team E,Tech Support,Chat,Technical Troubleshooting,Coached,4-6 months,Morning,Evaluator 4,72.4,747.0,3.71,9,84.8,74.5,Not Met,Yes
2025-01-01,Agent_060,Team A,Billing,Voice,Order Status,Coached,7-12 months,Morning,Evaluator 2,93.4,650.0,4.26,52,100.0,78.8,Met,No
2025-02-20,Agent_046,Team F,Claims,Voice,Billing Issue,Not Coached,7-12 months,Morning,Evaluator 2,85.9,787.0,3.79,31,87.7,78.0,Met,No
2025-06-22,Agent_089,Team F,Claims,Chat,Order Status,Not Coached,7-12 months,Night,Evaluator 2,75.6,588.0,3.82,44,90.4,79.9,Not Met,No
2025-07-24,Agent_017,Team D,Retail Support,Email,Account Access,Not Coached,4-6 months,Night,Evaluator 2,84.5,513.0,4.36,32,91.1,80.0,Not Met,No
2025-09-17,Agent_093,Team D,Tech Support,Chat,Escalation,Coached,0-3 months,Morning,Evaluator 3,67.7,616.0,3.72,29,84.2,80.0,Not Met,Yes
2025-10-15,Agent_053,Team F,Billing,Voice,Account Access,Coached,7-12 months,Morning,Evaluator 1,83.3,722.0,3.9,39,89.7,74.9,Not Met,No
2025-02-03,Agent_008,Team B,Billing,Chat,Complaint,Not Coached,7-12 months,Morning,Evaluator 2,76.5,531.0,4.21,34,92.3,75.5,Not Met,No
2025-12-14,Agent_079,Team A,Banking Support,Voice,Billing Issue,Not Coached,12+ months,Mid,Evaluator 2,94.9,691.0,4.44,52,94.6,77.6,Met,No
2025-04-05,Agent_027,Team B,Retail Support,Chat,Complaint,Coached,12+ months,Morning,Evaluator 3,88.1,535.0,4.04,35,86.1,78.9,Met,No
2025-03-13,Agent_046,Team E,Retail Support,Voice,Refund Request,Coached,7-12 months,Mid,Evaluator 2,80.4,635.0,3.85,28,90.9,77.8,Not Met,No
2025-02-08,Agent_050,Team A,Billing,Voice,Policy Question,Coached,0-3 months,Mid,Evaluator 2,78.0,595.0,3.93,26,87.7,75.9,Not Met,No
2025-06-03,Agent_116,Team D,Billing,Chat,Cancellation,Coached,7-12 months,Night,Evaluator 1,87.6,637.0,4.09,39,90.7,79.1,Met,No
2025-09-07,Agent_071,Team F,Sales,Voice,Upsell Inquiry,Coached,7-12 months,Morning,Evaluator 4,91.6,536.0,4.22,56,92.9,74.1,Met,No
2025-06-11,Agent_003,Team F,Sales,Voice,Complaint,Not Coached,12+ months,Night,Evaluator 2,87.7,640.0,4.2,40,96.1,78.7,Met,No
2025-04-28,Agent_093,Team D,Sales,Email,Order Status,Coached,12+ months,Night,Evaluator 3,97.2,345.0,4.52,41,93.1,79.7,Met,No
2025-09-16,Agent_064,Team A,Retail Support,Voice,Refund Request,Coached,0-3 months,Morning,Evaluator 1,80.3,676.0,3.84,44,93.8,77.7,Not Met,No
2025-11-02,Agent_044,Team E,Banking Support,Voice,Cancellation,Coached,12+ months,Morning,Evaluator 3,82.3,717.0,4.03,24,85.1,78.3,Not Met,No
2025-09-25,Agent_053,Team D,Claims,Voice,Complaint,Not Coached,0-3 months,Morning,Evaluator 1,70.2,835.0,3.72,42,87.0,70.3,Not Met,Yes
2025-02-23,Agent_024,Team A,Sales,Chat,Refund Request,Not Coached,4-6 months,Morning,Evaluator 1,84.8,448.0,4.33,34,88.3,81.0,Not Met,No
2025-08-24,Agent_060,Team A,Banking Support,Chat,Refund Request,Coached,7-12 months,Morning,Evaluator 2,93.7,654.0,4.23,43,94.8,76.7,Met,No
2025-08-10,Agent_003,Team F,Tech Support,Voice,Billing Issue,Not Coached,0-3 months,Mid,Evaluator 2,67.0,823.0,4.03,45,83.9,66.0,Not Met,Yes
2025-09-08,Agent_020,Team D,Sales,Chat,Account Access,Not Coached,12+ months,Morning,Evaluator 2,90.5,414.0,4.15,33,87.4,82.4,Met,No
2025-11-09,Agent_046,Team E,Claims,Voice,Refund Request,Coached,0-3 months,Night,Evaluator 4,67.7,768.0,3.58,22,81.4,77.0,Not Met,Yes
2025-04-22,Agent_015,Team F,Tech Support,Chat,Technical Troubleshooting,Coached,0-3 months,Morning,Evaluator 4,66.8,729.0,3.92,41,80.9,72.3,Not Met,Yes
2025-09-12,Agent_025,Team D,Tech Support,Voice,Account Access,Not Coached,7-12 months,Night,Evaluator 3,71.8,786.0,4.09,18,85.6,67.9,Not Met,Yes
2025-10-30,Agent_094,Team D,Claims,Voice,Cancellation,Not Coached,7-12 months,Morning,Evaluator 2,79.4,827.0,3.81,38,92.1,65.5,Not Met,No
2025-07-26,Agent_078,Team C,Sales,Email,Cancellation,Not Coached,12+ months,Night,Evaluator 4,81.5,475.0,4.34,39,88.2,73.7,Not Met,No
2025-08-17,Agent_071,Team B,Retail Support,Voice,Cancellation,,7-12 months,Morning,Evaluator 2,77.7,663.0,4.09,48,91.1,74.2,Not Met,No
2025-12-07,Agent_017,Team C,Claims,Voice,Cancellation,Not Coached,7-12 months,Morning,Evaluator 4,79.8,810.0,3.67,17,93.8,76.2,Not Met,No
2025-03-07,Agent_108,Team E,Claims,Voice,Technical Troubleshooting,Coached,4-6 months,Night,Evaluator 4,66.2,817.0,3.82,15,85.5,65.7,Not Met,Yes
2025-03-16,Agent_084,Team D,Claims,Email,Complaint,Coached,0-3 months,Morning,Evaluator 1,73.8,412.0,4.09,35,90.6,84.9,Not Met,Yes
2025-04-13,Agent_100,Team F,Tech Support,Voice,Escalation,Coached,0-3 months,Mid,Evaluator 2,69.7,831.0,3.77,23,86.8,69.8,Not Met,Yes
2025-07-11,Agent_009,Team C,Banking Support,Voice,Refund Request,Coached,7-12 months,Mid,Evaluator 2,83.8,680.0,3.66,24,99.6,76.8,Not Met,No
2025-09-09,Agent_038,Team D,Retail Support,Voice,Cancellation,Not Coached,7-12 months,Mid,Evaluator 4,76.0,690.0,3.92,30,80.3,77.2,Not Met,Yes
2025-08-14,Agent_048,Team D,Sales,Voice,Account Access,Not Coached,4-6 months,Mid,Evaluator 2,84.1,600.0,4.2,23,86.8,78.3,Not Met,No
2025-10-21,Agent_060,Team D,Sales,Voice,Account Access,Not Coached,12+ months,Mid,Evaluator 4,90.7,515.0,4.3,41,94.4,78.6,Met,No
2025-11-02,Agent_063,Team E,Banking Support,Chat,Refund Request,Coached,7-12 months,Morning,Evaluator 2,73.4,568.0,4.11,35,86.4,67.5,Not Met,Yes
2025-04-08,Agent_086,Team B,Claims,Email,Complaint,Not Coached,0-3 months,Mid,Evaluator 1,66.4,548.0,4.03,35,87.9,72.6,Not Met,Yes
2025-12-04,Agent_118,Team D,Retail Support,Voice,Upsell Inquiry,Coached,0-3 months,Night,Evaluator 2,77.3,577.0,4.05,39,88.6,72.0,Not Met,No
2025-10-13,Agent_117,Team A,Sales,Voice,Upsell Inquiry,Coached,12+ months,Morning,Evaluator 1,95.2,578.0,3.87,36,97.8,81.4,Met,No
2025-12-01,Agent_117,Team C,Billing,Voice,Escalation,Not Coached,7-12 months,Morning,Evaluator 3,76.1,642.0,3.83,18,83.9,75.7,Not Met,Yes
2025-12-13,Agent_002,Team C,Sales,Voice,Complaint,Not Coached,12+ months,Mid,Evaluator 2,78.6,659.0,3.92,28,89.7,74.3,Not Met,No
2025-11-04,Agent_088,Team D,Claims,Email,Refund Request,Not Coached,0-3 months,Mid,Evaluator 2,86.8,576.0,3.71,32,88.2,81.7,Met,No
2025-09-06,Agent_072,Team F,Billing,Voice,Upsell Inquiry,Coached,12+ months,Morning,Evaluator 2,80.6,657.0,3.61,25,92.7,74.6,Not Met,No
2025-06-15,Agent_011,Team D,Banking Support,Voice,Upsell Inquiry,Coached,4-6 months,Morning,Evaluator 1,87.4,698.0,4.19,26,91.7,65.7,Met,No
2025-12-01,Agent_064,Team E,Retail Support,Chat,Upsell Inquiry,Coached,0-3 months,Mid,Evaluator 2,77.5,529.0,3.95,41,89.1,74.9,Not Met,No
2025-01-30,Agent_077,Team D,Banking Support,Voice,Order Status,Coached,12+ months,Morning,Evaluator 2,89.0,661.0,4.08,29,88.1,82.6,Met,No
2025-09-04,Agent_081,Team D,Banking Support,Chat,Technical Troubleshooting,Not Coached,4-6 months,Mid,Evaluator 4,87.4,700.0,4.0,25,89.9,74.8,Met,No
2025-04-16,Agent_072,Team A,Retail Support,Voice,Refund Request,Not Coached,7-12 months,Night,Evaluator 3,85.8,685.0,3.75,32,87.5,74.6,Met,No
2025-02-20,Agent_021,Team B,Retail Support,Chat,Policy Question,Not Coached,0-3 months,Morning,Evaluator 1,81.0,477.0,3.95,33,89.1,77.5,Not Met,No
2025-03-22,Agent_018,Team C,Sales,Email,Billing Issue,Coached,7-12 months,Mid,Evaluator 4,90.8,398.0,4.51,48,86.9,88.5,Met,No
2025-05-13,Agent_094,Team C,Sales,Chat,Billing Issue,Not Coached,12+ months,Night,Evaluator 1,78.0,475.0,3.96,40,80.5,75.9,Not Met,Yes
2025-10-12,Agent_064,Team A,Retail Support,Email,Complaint,Coached,4-6 months,Mid,Evaluator 4,82.6,565.0,4.04,44,94.5,78.2,Not Met,No
2025-05-18,Agent_082,Team A,Billing,Voice,Refund Request,Not Coached,7-12 months,Night,Evaluator 3,80.0,705.0,3.8,32,90.8,78.3,Not Met,No
2025-07-03,Agent_110,Team B,Tech Support,Voice,Refund Request,Coached,0-3 months,Morning,Evaluator 4,69.9,743.0,3.67,32,88.7,72.5,Not Met,Yes
2025-11-26,Agent_111,Team F,Sales,Chat,Billing Issue,Coached,7-12 months,Night,Evaluator 1,90.5,539.0,4.33,28,96.4,77.9,Met,No
2025-09-30,Agent_095,Team C,Tech Support,Voice,Escalation,Coached,4-6 months,Morning,Evaluator 2,64.5,731.0,3.26,26,88.5,70.5,Not Met,Yes
2025-12-06,Agent_038,Team C,Billing,Voice,Billing Issue,Not Coached,4-6 months,Morning,Evaluator 2,73.6,648.0,3.73,24,86.7,72.0,Not Met,Yes
2025-03-10,Agent_032,Team B,Retail Support,Voice,Refund Request,Coached,4-6 months,Morning,Evaluator 3,80.8,739.0,3.93,48,90.1,75.5,Not Met,No
2025-02-03,Agent_011,Team D,Billing,Voice,Upsell Inquiry,Coached,0-3 months,Morning,Evaluator 1,80.7,737.0,4.23,48,84.7,73.8,Not Met,Yes
2025-09-19,Agent_045,Team B,Sales,Voice,Escalation,Not Coached,12+ months,Night,Evaluator 1,78.8,696.0,3.68,27,90.7,84.2,Not Met,No
2025-02-22,Agent_089,Team B,Banking Support,Voice,Cancellation,Coached,4-6 months,Morning,Evaluator 1,89.9,759.0,3.57,26,97.5,66.8,Met,No
2025-07-24,Agent_033,Team D,Retail Support,Chat,Policy Question,Coached,4-6 months,Mid,Evaluator 3,95.3,499.0,3.95,45,89.6,86.1,Met,No
2025-05-06,Agent_102,Team A,Claims,Voice,Order Status,Coached,4-6 months,Mid,Evaluator 2,81.2,725.0,4.1,19,90.8,73.7,Not Met,No
2025-08-23,Agent_041,Team A,Tech Support,Voice,Technical Troubleshooting,Coached,4-6 months,Mid,Evaluator 4,82.7,867.0,3.83,30,95.4,71.0,Not Met,No
2025-02-12,Agent_008,Team B,Billing,Voice,Cancellation,Not Coached,12+ months,Morning,Evaluator 3,85.9,689.0,3.62,41,85.8,79.4,Met,No
2025-08-28,Agent_011,Team A,Retail Support,Voice,Account Access,Not Coached,12+ months,Mid,Evaluator 4,92.6,633.0,4.06,44,95.0,81.5,Met,No
2025-04-21,Agent_086,Team A,Billing,Email,Billing Issue,Coached,4-6 months,Morning,Evaluator 2,91.1,437.0,4.57,42,86.1,85.5,Met,No
2025-09-06,Agent_051,Team C,Retail Support,Voice,Policy Question,Not Coached,12+ months,Morning,Evaluator 3,73.8,676.0,3.93,33,90.4,80.5,Not Met,Yes
2025-05-31,Agent_088,Team E,Sales,Voice,Billing Issue,Coached,7-12 months,Night,Evaluator 2,76.0,629.0,3.95,22,88.8,75.3,Not Met,No
2025-07-02,Agent_041,Team D,Sales,Chat,Billing Issue,Coached,0-3 months,Morning,Evaluator 4,82.0,550.0,4.09,35,91.1,81.7,Not Met,No
2025-12-02,Agent_017,Team D,Sales,Voice,Cancellation,Coached,7-12 months,Morning,Evaluator 1,90.1,632.0,4.13,41,89.2,75.1,Met,No
2025-04-05,Agent_076,Team B,Billing,Voice,Upsell Inquiry,Coached,7-12 months,Night,Evaluator 1,80.6,630.0,3.75,34,90.0,76.1,Not Met,No
2025-01-08,Agent_046,Team F,Claims,Voice,Upsell Inquiry,Coached,7-12 months,Morning,Evaluator 4,83.8,,3.82,35,93.2,73.4,Not Met,No
2025-12-26,Agent_032,Team C,Sales,Email,Order Status,Not Coached,12+ months,Mid,Evaluator 1,89.2,484.0,4.02,44,87.3,77.1,Met,No
2025-07-03,Agent_079,Team A,Retail Support,Voice,Escalation,Not Coached,4-6 months,Morning,Evaluator 4,74.1,746.0,3.76,22,92.7,73.4,Not Met,Yes
2025-10-08,Agent_080,Team D,Sales,Voice,Billing Issue,Coached,12+ months,Morning,Evaluator 3,92.2,606.0,4.24,40,94.6,82.6,Met,No
2025-07-14,Agent_054,Team A,Banking Support,Voice,Complaint,Not Coached,12+ months,Morning,Evaluator 3,83.6,709.0,3.82,26,91.6,79.0,Not Met,No
2025-12-18,Agent_086,Team C,Sales,Voice,Upsell Inquiry,Not Coached,7-12 months,Morning,Evaluator 3,85.8,474.0,3.97,30,87.0,76.1,Met,No
2025-07-14,Agent_092,Team D,Billing,Voice,Refund Request,Not Coached,7-12 months,Morning,Evaluator 1,83.5,654.0,3.69,24,90.8,73.4,Not Met,No
2025-06-04,Agent_020,Team F,Claims,Voice,Policy Question,Not Coached,4-6 months,Mid,Evaluator 2,76.4,741.0,3.88,35,86.6,68.6,Not Met,No
2025-04-03,Agent_033,Team C,Banking Support,Voice,Complaint,Coached,12+ months,Mid,Evaluator 1,83.3,725.0,4.08,41,93.6,75.1,Not Met,No
2025-06-09,Agent_074,Team E,Billing,Email,Cancellation,Not Coached,7-12 months,Night,Evaluator 1,68.6,564.0,3.85,38,85.6,69.7,Not Met,Yes
2025-03-02,Agent_040,Team F,Billing,Chat,Cancellation,Not Coached,0-3 months,Morning,Evaluator 2,74.0,559.0,4.11,28,83.6,70.7,Not Met,Yes
2025-05-02,Agent_032,Team A,Billing,Voice,Order Status,Not Coached,4-6 months,Mid,Evaluator 2,84.5,610.0,3.97,35,93.1,74.4,Not Met,No
2025-02-20,Agent_114,Team B,Retail Support,Chat,Order Status,Coached,7-12 months,Mid,Evaluator 2,91.0,494.0,3.6,20,90.5,84.5,Met,No
2025-10-04,Agent_097,Team C,Billing,Voice,Escalation,Coached,0-3 months,Night,Evaluator 2,60.7,873.0,3.61,13,83.8,66.8,Not Met,Yes
2025-01-05,Agent_002,Team C,Retail Support,Voice,Refund Request,Coached,0-3 months,Morning,Evaluator 1,65.9,673.0,3.78,22,77.1,75.8,Not Met,Yes
2025-04-02,Agent_097,Team C,Billing,Chat,Policy Question,Coached,7-12 months,Mid,Evaluator 4,83.0,538.0,4.06,37,85.9,78.8,Not Met,No
2025-06-19,Agent_033,Team F,Tech Support,Chat,Refund Request,Coached,4-6 months,Night,Evaluator 3,72.0,667.0,3.98,37,85.9,72.7,Not Met,Yes
2025-11-13,Agent_105,Team E,Banking Support,Chat,Account Access,Not Coached,4-6 months,Morning,Evaluator 4,71.2,489.0,3.81,34,83.7,74.5,Not Met,Yes
2025-01-22,Agent_077,Team D,Tech Support,Voice,Order Status,Coached,4-6 months,Night,Evaluator 1,78.9,795.0,4.17,42,87.6,67.8,Not Met,No
2025-11-22,Agent_030,Team B,Billing,Email,Escalation,Not Coached,0-3 months,Morning,Evaluator 2,82.5,448.0,4.05,31,89.8,86.7,Not Met,No
2025-01-01,Agent_033,Team E,Banking Support,Voice,Technical Troubleshooting,Coached,7-12 months,Mid,Evaluator 3,71.4,778.0,3.72,34,86.4,76.6,Not Met,Yes
2025-05-13,Agent_077,Team F,Banking Support,Email,Billing Issue,Not Coached,7-12 months,Night,Evaluator 3,83.6,483.0,4.26,46,87.4,81.7,Not Met,No
2025-08-21,Agent_116,Team E,Claims,Email,Billing Issue,Coached,4-6 months,Mid,Evaluator 4,81.4,538.0,3.97,28,87.1,70.8,Not Met,No
2025-01-12,Agent_026,Team A,Tech Support,Voice,Technical Troubleshooting,Coached,4-6 months,Mid,Evaluator 1,81.2,752.0,4.48,41,87.2,72.1,Not Met,No
2025-12-12,Agent_022,Team D,Claims,Chat,Upsell Inquiry,Not Coached,7-12 months,Morning,Evaluator 1,90.7,,3.97,30,95.9,73.5,Met,No
2025-02-15,Agent_103,Team A,Banking Support,Voice,Refund Request,Not Coached,0-3 months,Night,Evaluator 1,77.7,743.0,3.9,23,91.0,71.9,Not Met,No
2025-02-03,Agent_066,Team B,Retail Support,Voice,Technical Troubleshooting,Not Coached,0-3 months,Mid,Evaluator 3,67.0,832.0,3.52,29,82.3,64.9,Not Met,Yes
2025-03-19,Agent_038,Team A,Banking Support,Voice,Escalation,Coached,0-3 months,Morning,Evaluator 4,80.9,839.0,3.98,41,93.5,67.5,Not Met,No
2025-08-06,Agent_103,Team D,Claims,Voice,Policy Question,Coached,12+ months,Mid,Evaluator 3,85.4,694.0,4.07,29,97.5,73.5,Met,No
2025-10-28,Agent_090,Team E,Tech Support,Email,Technical Troubleshooting,Not Coached,12+ months,Mid,Evaluator 3,82.8,523.0,3.92,21,83.3,76.9,Not Met,Yes
2025-03-14,Agent_046,Team A,,Chat,Escalation,Coached,12+ months,Morning,Evaluator 2,86.8,638.0,3.9,27,90.4,79.1,Met,No
2025-10-09,Agent_114,Team C,Billing,Voice,Order Status,Not Coached,7-12 months,Morning,Evaluator 4,79.4,634.0,3.6,26,85.7,74.1,Not Met,No
2025-09-06,Agent_015,Team C,Tech Support,Chat,Complaint,Coached,7-12 months,Morning,Evaluator 2,72.5,573.0,4.1,23,84.0,83.4,Not Met,Yes
2025-02-16,Agent_098,Team C,Billing,Email,Cancellation,Coached,7-12 months,Mid,Evaluator 1,79.3,562.0,3.71,36,86.8,80.7,Not Met,No
2025-05-01,Agent_106,Team A,Billing,Voice,Cancellation,Coached,7-12 months,Mid,Evaluator 3,84.4,865.0,4.13,45,92.0,69.8,Not Met,No
2025-08-02,Agent_119,Team C,Claims,Email,Account Access,Coached,0-3 months,Mid,Evaluator 4,68.2,504.0,3.71,31,87.1,76.8,Not Met,Yes
2025-08-27,Agent_044,Team E,Tech Support,Voice,Refund Request,,7-12 months,Night,Evaluator 1,63.7,832.0,3.62,28,86.5,67.3,Not Met,Yes
2025-02-25,Agent_049,Team A,Sales,Chat,Policy Question,Not Coached,12+ months,Night,Evaluator 4,88.8,411.0,4.07,41,92.5,81.4,Met,No
2025-12-16,Agent_104,Team A,Retail Support,Voice,Complaint,Coached,7-12 months,Mid,Evaluator 3,79.2,612.0,4.1,42,91.8,80.4,Not Met,No
2025-04-17,Agent_075,Team C,Retail Support,Voice,Complaint,Not Coached,4-6 months,Morning,Evaluator 4,66.7,755.0,3.73,15,81.6,73.5,Not Met,Yes
2025-11-15,Agent_061,Team F,Billing,Voice,Order Status,Coached,4-6 months,Mid,Evaluator 1,81.9,680.0,4.01,45,91.5,71.9,Not Met,No
2025-02-17,Agent_067,Team D,Retail Support,Chat,Technical Troubleshooting,Coached,7-12 months,Morning,Evaluator 2,93.7,584.0,3.75,28,94.6,74.2,Met,No
2025-03-02,Agent_006,Team E,Tech Support,Voice,Refund Request,Coached,7-12 months,Mid,Evaluator 3,64.5,874.0,3.5,18,85.9,70.4,Not Met,Yes
2025-12-03,Agent_009,Team C,Tech Support,Voice,Billing Issue,Not Coached,12+ months,Mid,Evaluator 2,74.9,663.0,4.09,53,84.4,77.0,Not Met,Yes
2025-01-26,Agent_006,Team D,Banking Support,Voice,Complaint,Not Coached,4-6 months,Morning,Evaluator 3,77.9,667.0,4.06,34,94.9,71.9,Not Met,No
2025-10-19,Agent_073,Team A,Banking Support,Email,Escalation,Not Coached,12+ months,Night,Evaluator 1,79.5,520.0,3.6,37,94.0,83.9,Not Met,No
2025-09-14,Agent_103,Team D,Retail Support,Voice,Billing Issue,Not Coached,7-12 months,Morning,Evaluator 3,86.4,650.0,4.05,40,92.3,78.8,Met,No
2025-01-08,Agent_095,Team F,Sales,Voice,Account Access,Not Coached,12+ months,Mid,Evaluator 2,85.3,681.0,3.69,17,92.3,73.2,Met,No
2025-04-23,Agent_032,Team D,Banking Support,Voice,Technical Troubleshooting,Not Coached,7-12 months,Morning,Evaluator 3,79.0,803.0,3.69,20,87.0,77.4,Not Met,No
2025-12-21,Agent_041,Team F,Banking Support,Voice,Technical Troubleshooting,Not Coached,7-12 months,Night,Evaluator 1,73.7,789.0,3.74,44,95.1,77.1,Not Met,Yes
2025-09-10,Agent_114,Team E,Tech Support,Chat,Policy Question,Not Coached,7-12 months,Morning,Evaluator 3,78.5,535.0,4.3,42,84.8,85.0,Not Met,Yes
2025-06-29,Agent_076,Team A,Sales,Chat,Complaint,Coached,12+ months,Morning,Evaluator 2,95.4,555.0,3.94,36,97.6,87.5,Met,No
2025-07-26,Agent_008,Team F,Billing,Voice,Order Status,Coached,12+ months,Morning,Evaluator 1,94.7,587.0,3.76,26,97.4,75.1,Met,No
2025-10-30,Agent_072,Team A,Retail Support,Voice,Upsell Inquiry,Coached,0-3 months,Morning,Evaluator 2,87.0,555.0,4.17,43,90.0,80.2,Met,No
2025-05-07,Agent_050,Team D,Banking Support,Chat,Upsell Inquiry,Coached,0-3 months,Morning,Evaluator 3,88.0,473.0,4.11,42,85.0,81.3,Met,No
2025-02-25,Agent_092,Team A,Sales,Voice,Cancellation,Not Coached,12+ months,Mid,Evaluator 4,85.2,674.0,4.26,43,84.3,75.8,Met,Yes
2025-08-02,Agent_062,Team A,Sales,Chat,Escalation,Coached,7-12 months,Mid,Evaluator 2,89.9,470.0,4.16,50,93.6,83.5,Met,No
2025-01-14,Agent_084,Team C,Retail Support,Chat,Billing Issue,Not Coached,7-12 months,Morning,Evaluator 3,84.5,549.0,4.24,30,88.8,69.4,Not Met,No
2025-01-28,Agent_062,Team B,Sales,Chat,Account Access,Coached,7-12 months,Morning,Evaluator 4,94.7,424.0,4.23,33,90.1,74.2,Met,No
2025-03-19,Agent_111,Team C,Sales,Voice,Cancellation,Coached,0-3 months,Night,Evaluator 4,71.6,723.0,3.89,37,86.4,63.8,Not Met,Yes
2025-08-04,Agent_007,Team D,Sales,Voice,Technical Troubleshooting,Coached,12+ months,Mid,Evaluator 1,93.0,748.0,4.31,57,95.3,77.5,Met,No
2025-12-31,Agent_075,Team A,Banking Support,Email,Billing Issue,Not Coached,12+ months,Mid,Evaluator 4,96.9,599.0,4.04,44,96.6,80.6,Met,No
2025-06-03,Agent_084,Team A,Retail Support,Voice,Refund Request,Coached,4-6 months,Mid,Evaluator 2,80.8,666.0,4.23,51,91.0,74.7,Not Met,No
2025-01-14,Agent_080,Team D,Sales,Chat,Complaint,Coached,4-6 months,Morning,Evaluator 2,78.3,541.0,3.96,35,90.9,85.0,Not Met,No
2025-07-06,Agent_004,Team C,Sales,Voice,Account Access,Not Coached,12+ months,Morning,Evaluator 4,82.7,502.0,4.09,37,88.5,82.8,Not Met,No
2025-11-08,Agent_006,Team E,Banking Support,Chat,Refund Request,Not Coached,0-3 months,Morning,Evaluator 3,62.5,719.0,3.37,21,83.6,62.9,Not Met,Yes
2025-01-07,Agent_058,Team D,Retail Support,Voice,Order Status,Coached,12+ months,Night,Evaluator 2,87.2,679.0,3.91,33,91.9,76.8,Met,No
2025-01-03,Agent_022,Team F,Tech Support,Voice,Complaint,Coached,4-6 months,Night,Evaluator 2,68.7,779.0,3.58,36,87.0,68.3,Not Met,Yes
2025-04-21,Agent_026,Team E,Banking Support,Voice,Billing Issue,Coached,7-12 months,Mid,Evaluator 1,84.5,686.0,4.13,42,87.5,75.9,Not Met,No
2025-08-26,Agent_003,Team C,Retail Support,Chat,Complaint,Not Coached,12+ months,Morning,Evaluator 3,85.0,531.0,4.39,37,89.5,78.1,Met,No
2025-12-29,Agent_041,Team E,Sales,Chat,Cancellation,Coached,7-12 months,Morning,Evaluator 4,83.1,606.0,3.86,15,86.0,72.5,Not Met,No
2025-08-27,Agent_060,Team B,Retail Support,Voice,Policy Question,Coached,4-6 months,Morning,Evaluator 3,77.7,724.0,3.72,28,88.7,80.5,Not Met,No
2025-10-01,Agent_106,Team B,Retail Support,Voice,Cancellation,Coached,7-12 months,Mid,Evaluator 1,92.2,691.0,3.67,19,98.3,76.2,Met,No
2025-10-21,Agent_014,Team E,Billing,Chat,Order Status,Coached,4-6 months,Morning,Evaluator 1,88.5,422.0,4.14,36,90.1,76.9,Met,No
2025-08-15,Agent_075,Team C,Retail Support,Voice,Escalation,Not Coached,4-6 months,Night,Evaluator 3,65.5,786.0,3.57,14,82.8,69.1,Not Met,Yes
2025-01-15,Agent_082,Team E,Tech Support,Voice,Refund Request,Coached,12+ months,Morning,Evaluator 1,68.9,826.0,3.62,32,92.1,78.5,Not Met,Yes
2025-07-11,Agent_118,Team E,Retail Support,Voice,Cancellation,Coached,12+ months,Night,Evaluator 1,84.8,754.0,4.17,38,92.0,77.3,Not Met,No
2025-04-29,Agent_012,Team F,Tech Support,Voice,Policy Question,Coached,7-12 months,Night,Evaluator 1,85.7,760.0,3.8,34,90.2,73.3,Met,No
2025-01-28,Agent_087,Team F,Sales,Voice,Escalation,Coached,4-6 months,Night,Evaluator 3,74.9,654.0,4.07,43,87.2,70.9,Not Met,Yes
2025-07-21,Agent_012,Team C,Tech Support,Voice,Cancellation,Coached,0-3 months,Mid,Evaluator 1,62.0,898.0,3.61,25,82.2,63.4,Not Met,Yes
2025-02-08,Agent_013,Team B,Sales,Voice,Technical Troubleshooting,Not Coached,0-3 months,Mid,Evaluator 4,66.0,818.0,3.4,26,87.3,67.0,Not Met,Yes
2025-09-30,Agent_025,Team D,Sales,Voice,Policy Question,Not Coached,7-12 months,Mid,Evaluator 4,73.5,660.0,3.55,39,88.1,78.1,Not Met,Yes
2025-08-19,Agent_045,Team C,Tech Support,Voice,Refund Request,Not Coached,12+ months,Mid,Evaluator 2,73.0,833.0,3.82,26,92.1,74.5,Not Met,Yes
2025-03-27,Agent_115,Team D,Banking Support,Voice,Account Access,Not Coached,7-12 months,Mid,Evaluator 4,94.8,693.0,4.3,45,96.0,72.4,Met,No
2025-05-06,Agent_019,Team E,Claims,Voice,Upsell Inquiry,Not Coached,12+ months,Night,Evaluator 2,82.2,610.0,3.97,22,87.5,79.2,Not Met,No
2025-10-27,Agent_055,Team E,Retail Support,Chat,Escalation,Coached,0-3 months,Mid,Evaluator 3,71.2,506.0,4.09,34,88.9,71.3,Not Met,Yes
2025-01-25,Agent_110,Team C,Billing,Voice,Technical Troubleshooting,Not Coached,4-6 months,Night,Evaluator 1,62.4,848.0,3.44,38,84.6,66.3,Not Met,Yes
2025-05-25,Agent_100,Team B,Claims,Voice,Account Access,Not Coached,4-6 months,Night,Evaluator 4,81.0,780.0,4.0,40,85.5,65.8,Not Met,No
2025-01-13,Agent_045,Team C,Retail Support,Voice,Billing Issue,Not Coached,4-6 months,Morning,Evaluator 2,71.2,728.0,3.98,30,90.0,65.5,Not Met,Yes
2025-07-31,Agent_008,Team A,Retail Support,Voice,Policy Question,Coached,0-3 months,Morning,Evaluator 3,80.3,694.0,3.78,34,95.2,69.7,Not Met,No
2025-01-25,Agent_093,Team F,Sales,Voice,Technical Troubleshooting,Coached,12+ months,Mid,Evaluator 2,85.6,780.0,3.99,32,99.4,74.3,Met,No
2025-03-09,Agent_119,Team C,Retail Support,Voice,Complaint,Not Coached,4-6 months,Mid,Evaluator 1,62.9,702.0,3.39,22,87.3,68.0,Not Met,Yes
2025-03-08,Agent_053,Team B,Billing,Email,Billing Issue,Not Coached,12+ months,Night,Evaluator 4,,519.0,4.26,37,94.2,85.8,Met,No
2025-08-21,Agent_055,Team A,Retail Support,Voice,Billing Issue,Not Coached,4-6 months,Mid,Evaluator 3,77.9,659.0,3.83,37,91.1,71.4,Not Met,No
2025-04-19,Agent_032,Team D,Tech Support,Email,Escalation,Coached,12+ months,Mid,Evaluator 2,84.8,552.0,3.88,38,97.9,81.0,Not Met,No
2025-05-26,Agent_051,Team D,Claims,Voice,Policy Question,Coached,7-12 months,Mid,Evaluator 3,90.1,783.0,3.98,34,93.7,79.5,Met,No
2025-04-21,Agent_044,Team C,Tech Support,Voice,Technical Troubleshooting,Coached,12+ months,Morning,Evaluator 2,69.2,930.0,3.28,17,92.8,70.6,Not Met,Yes
2025-08-16,Agent_082,Team A,Billing,Voice,Order Status,Not Coached,0-3 months,Mid,Evaluator 2,72.1,786.0,3.86,35,83.9,69.0,Not Met,Yes
2025-04-21,Agent_070,Team C,Retail Support,Voice,Technical Troubleshooting,Coached,12+ months,Night,Evaluator 1,72.4,785.0,3.56,18,89.9,74.0,Not Met,Yes
2025-02-03,Agent_018,Team B,Billing,Voice,Cancellation,Coached,12+ months,Morning,Evaluator 1,85.4,672.0,3.71,33,95.8,75.0,Met,No
2025-04-21,Agent_083,Team E,Sales,Chat,Billing Issue,Not Coached,0-3 months,Mid,Evaluator 2,70.2,442.0,3.98,39,85.8,71.5,Not Met,Yes
2025-09-21,Agent_022,Team D,Tech Support,Voice,Refund Request,Coached,0-3 months,Mid,Evaluator 4,74.2,773.0,3.78,42,91.2,73.6,Not Met,Yes
2025-08-24,Agent_037,Team C,Tech Support,Email,Billing Issue,Not Coached,4-6 months,Morning,Evaluator 3,77.6,568.0,4.24,39,85.8,72.6,Not Met,No
2025-03-24,Agent_096,Team B,Banking Support,Chat,Billing Issue,Coached,12+ months,Morning,Evaluator 3,95.2,566.0,3.83,28,91.1,83.3,Met,No
2025-02-11,Agent_056,Team F,Retail Support,Voice,Upsell Inquiry,Not Coached,7-12 months,Night,Evaluator 1,79.9,645.0,4.23,37,89.3,78.8,Not Met,No
2025-04-11,Agent_105,Team C,Sales,Voice,Complaint,Not Coached,7-12 months,Morning,Evaluator 4,80.4,698.0,3.57,14,88.2,74.3,Not Met,No
2025-01-06,Agent_059,Team E,Tech Support,Voice,Order Status,Not Coached,0-3 months,Morning,Evaluator 2,62.7,736.0,3.87,33,83.3,72.8,Not Met,Yes
2025-06-29,Agent_003,Team A,Tech Support,Voice,Account Access,Not Coached,0-3 months,Morning,Evaluator 1,71.9,618.0,4.19,24,83.8,72.0,Not Met,Yes
2025-10-09,Agent_028,Team C,Sales,Voice,Account Access,Coached,12+ months,Mid,Evaluator 2,91.1,612.0,4.06,41,89.9,80.4,Met,No
2025-11-16,Agent_074,Team A,Billing,Voice,Complaint,Coached,0-3 months,Mid,Evaluator 2,86.4,725.0,3.72,40,89.3,75.8,Met,No
2025-08-14,Agent_115,Team D,Billing,Voice,Billing Issue,Coached,7-12 months,Mid,Evaluator 1,84.9,715.0,3.62,4,84.7,74.5,Not Met,Yes
2025-11-11,Agent_035,Team F,Retail Support,Voice,Account Access,Not Coached,12+ months,Morning,Evaluator 4,82.4,630.0,3.54,36,93.5,75.2,Not Met,No
2025-12-31,Agent_061,Team C,Banking Support,Email,Policy Question,Not Coached,4-6 months,Night,Evaluator 3,83.7,517.0,4.37,48,87.0,77.4,Not Met,No
2025-08-17,Agent_093,Team A,Tech Support,Chat,Order Status,Coached,7-12 months,Morning,Evaluator 1,93.1,596.0,4.04,35,93.7,86.8,Met,No
2025-10-16,Agent_054,Team A,Banking Support,Email,Account Access,Not Coached,0-3 months,Morning,Evaluator 4,82.9,471.0,3.85,26,86.4,76.5,Not Met,No
2025-05-30,Agent_063,Team C,Billing,Voice,Complaint,Coached,7-12 months,Mid,Evaluator 2,71.6,757.0,3.57,16,91.6,71.3,Not Met,Yes
2025-10-04,Agent_079,Team B,,Voice,Cancellation,Not Coached,0-3 months,Morning,Evaluator 1,69.7,734.0,3.82,24,83.4,75.5,Not Met,Yes
2025-07-17,Agent_097,Team A,Claims,Voice,Account Access,Not Coached,12+ months,Night,Evaluator 3,78.7,719.0,3.87,44,90.0,76.4,Not Met,No
2025-03-11,Agent_007,Team E,Retail Support,Voice,Order Status,Coached,4-6 months,Night,Evaluator 3,74.0,474.0,3.61,22,89.2,80.9,Not Met,Yes
2025-04-22,Agent_076,Team C,Claims,Voice,Escalation,Coached,7-12 months,Morning,Evaluator 2,75.1,717.0,4.05,39,90.5,79.9,Not Met,No
2025-01-04,Agent_049,Team B,Claims,Chat,Escalation,Coached,7-12 months,Night,Evaluator 1,80.9,557.0,4.17,38,87.1,71.3,Not Met,No
2025-12-16,Agent_094,Team F,Claims,Chat,Policy Question,Not Coached,0-3 months,Night,Evaluator 3,82.3,587.0,4.31,40,90.8,73.5,Not Met,No
2025-11-27,Agent_085,Team A,Retail Support,Voice,Technical Troubleshooting,Coached,12+ months,Night,Evaluator 1,82.4,840.0,4.14,24,91.9,73.4,Not Met,No
2025-11-14,Agent_031,Team F,Retail Support,Voice,Technical Troubleshooting,Coached,4-6 months,Morning,Evaluator 3,73.1,763.0,3.15,8,89.1,68.6,Not Met,Yes
2025-12-16,Agent_058,Team B,Sales,Voice,Account Access,Coached,7-12 months,Mid,Evaluator 2,,647.0,4.32,51,98.3,69.2,Met,No
2025-04-05,Agent_061,Team F,Banking Support,Voice,Refund Request,Coached,0-3 months,Morning,Evaluator 2,71.2,756.0,4.06,32,80.5,64.4,Not Met,Yes
2025-06-01,Agent_024,Team D,Banking Support,Voice,Cancellation,Coached,7-12 months,Night,Evaluator 1,80.3,753.0,3.76,32,87.0,75.3,Not Met,No
2025-11-07,Agent_020,Team E,Sales,Voice,Complaint,Not Coached,0-3 months,Morning,Evaluator 4,65.6,687.0,3.63,38,84.9,67.9,Not Met,Yes
2025-05-17,Agent_037,Team F,Sales,Voice,Cancellation,Coached,4-6 months,Mid,Evaluator 4,74.1,679.0,4.0,32,81.0,71.1,Not Met,Yes
2025-09-04,Agent_004,Team B,Billing,Email,Escalation,Not Coached,4-6 months,Morning,Evaluator 2,69.2,527.0,3.81,31,81.3,77.6,Not Met,Yes
2025-08-31,Agent_092,Team F,Claims,Voice,Account Access,Not Coached,12+ months,Morning,Evaluator 3,82.8,732.0,3.81,39,94.2,71.9,Not Met,No
2025-01-31,Agent_108,Team C,Sales,Chat,Order Status,Coached,4-6 months,Mid,Evaluator 4,89.2,505.0,4.25,38,86.6,82.4,Met,No
2025-02-09,Agent_020,Team C,Tech Support,Voice,Complaint,Coached,12+ months,Night,Evaluator 2,79.4,821.0,3.89,31,97.7,70.1,Not Met,No
2025-08-17,Agent_060,Team C,Banking Support,Voice,Cancellation,Not Coached,12+ months,Mid,Evaluator 3,70.7,757.0,3.64,32,85.6,79.2,Not Met,Yes
2025-02-05,Agent_024,Team D,Sales,Voice,Order Status,Not Coached,0-3 months,Night,Evaluator 3,83.6,537.0,4.23,41,86.1,75.4,Not Met,No
2025-08-11,Agent_050,Team B,Tech Support,Voice,Complaint,Coached,7-12 months,Morning,Evaluator 4,80.6,873.0,3.85,36,93.2,69.3,Not Met,No
2025-01-06,Agent_049,Team D,,Voice,Cancellation,Coached,0-3 months,Mid,Evaluator 2,76.7,728.0,3.92,32,89.7,69.3,Not Met,No
2025-11-18,Agent_051,Team D,Tech Support,Chat,Policy Question,Coached,4-6 months,Mid,Evaluator 3,86.6,511.0,4.01,45,89.2,84.8,Met,No
2025-08-08,Agent_096,Team E,Billing,Chat,Escalation,Not Coached,7-12 months,Morning,Evaluator 3,68.7,595.0,3.89,33,84.7,78.1,Not Met,Yes
2025-03-16,Agent_105,Team E,Billing,Voice,Billing Issue,Coached,7-12 months,Mid,Evaluator 1,80.7,637.0,3.74,24,89.5,72.3,Not Met,No
2025-01-04,Agent_036,Team C,Tech Support,Voice,Complaint,Coached,7-12 months,Mid,Evaluator 1,78.5,855.0,3.29,18,93.7,71.5,Not Met,No
2025-12-01,Agent_117,Team B,Billing,Email,Escalation,Not Coached,4-6 months,Mid,Evaluator 4,79.6,442.0,4.06,18,91.1,69.6,Not Met,No
2025-05-14,Agent_098,Team B,Claims,Voice,Upsell Inquiry,Not Coached,4-6 months,Mid,Evaluator 1,66.9,738.0,3.8,40,85.8,67.2,Not Met,Yes
2025-04-28,Agent_100,Team B,Tech Support,Voice,Refund Request,Coached,0-3 months,Mid,Evaluator 2,69.3,825.0,3.78,19,83.9,66.6,Not Met,Yes
2025-04-04,Agent_066,Team A,Claims,Voice,Account Access,Coached,7-12 months,Morning,Evaluator 4,85.3,716.0,4.26,32,90.7,73.1,Met,No
2025-03-03,Agent_079,Team C,Claims,Chat,Upsell Inquiry,Not Coached,7-12 months,Morning,Evaluator 4,73.8,410.0,3.97,30,83.0,84.8,Not Met,Yes
2025-07-13,Agent_034,Team B,Tech Support,Email,Order Status,Coached,7-12 months,Mid,Evaluator 1,92.6,430.0,4.14,25,91.8,74.1,Met,No
2025-12-01,Agent_036,Team F,Banking Support,Voice,Complaint,Coached,4-6 months,Morning,Evaluator 3,81.9,748.0,4.01,37,92.7,67.0,Not Met,No
2025-07-22,Agent_006,Team D,Tech Support,Email,Account Access,Not Coached,4-6 months,Morning,Evaluator 2,74.4,527.0,3.89,37,88.1,79.3,Not Met,Yes
2025-01-26,Agent_039,Team C,Tech Support,Chat,Account Access,Coached,4-6 months,Mid,Evaluator 2,88.2,620.0,3.95,27,93.2,75.6,Met,No
2025-06-22,Agent_042,Team D,Billing,Voice,Upsell Inquiry,Not Coached,0-3 months,Mid,Evaluator 2,83.1,636.0,3.81,27,93.2,71.9,Not Met,No
2025-10-27,Agent_115,Team A,Tech Support,Voice,Upsell Inquiry,Not Coached,4-6 months,Morning,Evaluator 4,71.9,706.0,3.85,28,90.4,82.3,Not Met,Yes
2025-05-13,Agent_115,Team C,Banking Support,Voice,Billing Issue,Coached,12+ months,Mid,Evaluator 2,90.6,567.0,,41,93.5,80.8,Met,No
2025-11-22,Agent_058,Team D,Billing,Email,Cancellation,Coached,12+ months,Mid,Evaluator 3,91.8,575.0,4.04,24,90.4,84.6,Met,No
2025-04-28,Agent_118,Team C,Retail Support,Voice,Complaint,Not Coached,7-12 months,Morning,Evaluator 3,80.2,669.0,4.03,29,86.6,74.0,Not Met,No
2025-11-20,Agent_012,Team C,Retail Support,Chat,Escalation,Not Coached,7-12 months,Night,Evaluator 1,74.8,538.0,3.55,13,92.4,75.0,Not Met,Yes
2025-10-02,Agent_003,Team F,Claims,Voice,Technical Troubleshooting,Not Coached,0-3 months,Mid,Evaluator 2,66.8,771.0,3.41,28,83.2,67.4,Not Met,Yes
2025-07-31,Agent_109,Team F,Claims,Chat,Complaint,Not Coached,12+ months,Mid,Evaluator 4,82.0,520.0,3.57,25,95.3,83.0,Not Met,No
2025-08-13,Agent_018,Team D,Banking Support,Voice,Complaint,Coached,0-3 months,Mid,Evaluator 1,72.6,816.0,3.52,29,93.0,73.3,Not Met,Yes
2025-01-20,Agent_040,Team D,Sales,Voice,Complaint,Not Coached,12+ months,Morning,Evaluator 3,82.2,699.0,4.35,51,94.7,75.2,Not Met,No
2025-04-23,Agent_021,Team D,Retail Support,Chat,Account Access,Coached,7-12 months,Mid,Evaluator 2,79.4,535.0,4.14,49,88.5,81.6,Not Met,No
2025-05-20,Agent_015,Team B,Claims,Chat,Order Status,Coached,4-6 months,Morning,Evaluator 3,86.5,523.0,3.93,26,88.7,82.0,Met,No
2025-02-16,Agent_097,Team C,Retail Support,Email,Account Access,Coached,12+ months,Night,Evaluator 1,90.7,354.0,4.42,45,93.0,80.7,Met,No
2025-01-01,Agent_099,Team A,Banking Support,Voice,Order Status,Coached,0-3 months,Night,Evaluator 3,66.3,781.0,4.05,45,86.5,70.1,Not Met,Yes
2025-03-31,Agent_026,Team C,Banking Support,Chat,Upsell Inquiry,Not Coached,7-12 months,Mid,Evaluator 2,83.2,518.0,3.73,34,87.5,79.4,Not Met,No
2025-05-22,Agent_008,Team D,Sales,Voice,Technical Troubleshooting,Coached,7-12 months,Morning,Evaluator 2,93.0,728.0,4.5,50,95.4,68.3,Met,No
2025-11-16,Agent_100,Team B,Sales,Voice,Account Access,Coached,4-6 months,Morning,Evaluator 1,77.0,580.0,4.1,23,88.4,78.7,Not Met,No
2025-02-07,Agent_112,Team F,Billing,Voice,Order Status,Coached,4-6 months,Morning,Evaluator 2,78.9,538.0,4.14,43,86.5,72.9,Not Met,No
2025-10-20,Agent_094,Team F,Banking Support,Voice,Account Access,Not Coached,7-12 months,Mid,Evaluator 3,78.0,743.0,3.94,25,83.5,77.3,Not Met,Yes
2025-05-19,Agent_087,Team E,Claims,Voice,Refund Request,Not Coached,7-12 months,Morning,Evaluator 3,61.3,692.0,3.91,34,85.2,81.8,Not Met,Yes
2025-12-22,Agent_042,Team D,Retail Support,Email,Account Access,Coached,0-3 months,Mid,Evaluator 4,82.5,480.0,3.98,42,91.5,74.9,Not Met,No
2025-11-29,Agent_044,Team F,Tech Support,Voice,Technical Troubleshooting,Coached,12+ months,Morning,Evaluator 4,78.9,902.0,4.21,40,88.5,66.3,Not Met,No
2025-09-16,Agent_014,Team A,Sales,Chat,Technical Troubleshooting,Coached,0-3 months,Night,Evaluator 4,77.7,578.0,3.98,36,89.9,75.3,Not Met,No
2025-06-10,Agent_078,Team E,Tech Support,Voice,Order Status,Not Coached,4-6 months,Morning,Evaluator 3,63.9,751.0,3.91,39,83.7,69.3,Not Met,Yes
2025-06-27,Agent_002,Team A,Claims,Voice,Order Status,Not Coached,4-6 months,Night,Evaluator 3,70.1,769.0,3.74,35,87.2,75.3,Not Met,Yes
2025-01-10,Agent_119,Team E,Sales,Voice,Upsell Inquiry,Coached,0-3 months,Night,Evaluator 1,68.6,531.0,3.79,31,88.0,75.3,Not Met,Yes
2025-09-18,Agent_037,Team B,Tech Support,Email,Technical Troubleshooting,Not Coached,0-3 months,Mid,Evaluator 4,73.6,669.0,4.27,32,91.4,71.0,Not Met,Yes
2025-05-18,Agent_069,Team F,Claims,Email,Technical Troubleshooting,Coached,12+ months,Mid,Evaluator 3,92.3,618.0,4.01,37,95.4,78.4,Met,No
2025-06-21,Agent_038,Team F,Retail Support,Email,Billing Issue,Not Coached,4-6 months,Mid,Evaluator 1,91.6,369.0,4.16,55,85.3,75.8,Met,No
2025-01-13,Agent_109,Team A,Claims,Email,Complaint,Coached,0-3 months,Mid,Evaluator 3,83.9,581.0,4.1,28,96.2,79.2,Not Met,No
2025-06-17,Agent_041,Team C,Billing,Voice,Policy Question,Coached,0-3 months,Morning,Evaluator 1,79.5,759.0,4.31,42,89.2,76.3,Not Met,No
2025-05-10,Agent_062,Team F,Sales,Voice,Account Access,Coached,7-12 months,Morning,Evaluator 4,81.4,676.0,4.43,48,89.8,71.1,Not Met,No
2025-03-25,Agent_118,Team C,Banking Support,Chat,Cancellation,Coached,12+ months,Mid,Evaluator 4,74.6,687.0,4.19,49,88.3,69.3,Not Met,Yes
2025-11-17,Agent_060,Team F,Retail Support,Voice,Upsell Inquiry,Not Coached,4-6 months,Mid,Evaluator 4,93.3,527.0,4.64,52,91.7,75.2,Met,No
2025-11-15,Agent_111,Team D,Tech Support,Voice,Complaint,Coached,0-3 months,Mid,Evaluator 3,65.2,885.0,3.5,24,88.6,63.8,Not Met,Yes
2025-04-11,Agent_014,Team C,Sales,Voice,Policy Question,Not Coached,4-6 months,Morning,Evaluator 3,77.2,635.0,3.99,35,83.3,68.4,Not Met,Yes
2025-11-25,Agent_120,Team B,Banking Support,Voice,Billing Issue,Not Coached,0-3 months,Morning,Evaluator 1,72.5,788.0,3.75,26,86.2,64.0,Not Met,Yes
2025-09-30,Agent_103,Team B,Claims,Voice,Cancellation,Coached,0-3 months,Morning,Evaluator 2,73.9,753.0,3.43,33,86.3,70.5,Not Met,Yes
2025-09-22,Agent_089,Team E,Banking Support,Voice,Order Status,Coached,4-6 months,Morning,Evaluator 2,81.1,636.0,3.97,18,84.4,72.2,Not Met,Yes
2025-02-07,Agent_084,Team C,Sales,Voice,Technical Troubleshooting,Coached,4-6 months,Morning,Evaluator 4,78.9,653.0,3.78,24,91.6,75.5,Not Met,No
2025-04-04,Agent_002,Team D,Sales,Voice,Refund Request,Not Coached,7-12 months,Morning,Evaluator 2,87.2,683.0,4.27,44,93.8,73.3,Met,No
2025-04-05,Agent_103,Team C,Billing,Voice,Upsell Inquiry,Coached,4-6 months,Morning,Evaluator 4,85.4,668.0,3.78,37,90.8,68.8,Met,No
2025-11-01,Agent_070,Team D,Billing,Voice,Escalation,Coached,12+ months,Night,Evaluator 1,83.0,674.0,3.92,34,96.5,77.5,Not Met,No
2025-03-10,Agent_017,Team F,Banking Support,Chat,Technical Troubleshooting,Coached,12+ months,Morning,Evaluator 2,95.7,521.0,4.47,37,89.4,76.0,Met,No
2025-11-14,Agent_089,Team F,Claims,Voice,Refund Request,Not Coached,7-12 months,Mid,Evaluator 2,71.0,773.0,3.79,27,87.0,74.9,Not Met,Yes
2025-08-24,Agent_028,Team C,Banking Support,Voice,Policy Question,Coached,4-6 months,Morning,Evaluator 4,82.8,734.0,4.06,29,93.3,65.5,Not Met,No
2025-11-30,Agent_066,Team E,Sales,Chat,Order Status,Coached,4-6 months,Night,Evaluator 1,86.0,371.0,4.23,35,87.5,71.1,Met,No
2025-05-17,Agent_035,Team E,Sales,Voice,Cancellation,Coached,4-6 months,Mid,Evaluator 2,65.2,600.0,4.01,28,82.0,68.2,Not Met,Yes
2025-03-17,Agent_101,Team D,Tech Support,Voice,Policy Question,Coached,7-12 months,Morning,Evaluator 2,88.3,801.0,3.82,27,92.6,72.2,Met,No
2025-02-04,Agent_005,Team F,Billing,Chat,Technical Troubleshooting,Not Coached,7-12 months,Mid,Evaluator 2,82.4,727.0,3.96,18,91.7,72.7,Not Met,No
2025-01-01,Agent_065,Team B,Tech Support,Voice,Technical Troubleshooting,Coached,12+ months,Morning,Evaluator 1,94.9,833.0,3.81,32,94.1,74.2,Met,No
2025-10-23,Agent_040,Team A,Retail Support,Chat,Cancellation,Not Coached,12+ months,Mid,Evaluator 1,95.3,507.0,3.99,43,89.5,78.6,Met,No
2025-11-16,Agent_076,Team F,Sales,Chat,Escalation,Not Coached,4-6 months,Morning,Evaluator 2,82.1,526.0,3.99,47,94.5,73.4,Not Met,No
2025-03-01,Agent_056,Team C,Tech Support,Chat,Refund Request,Not Coached,7-12 months,Night,Evaluator 4,79.3,655.0,4.15,41,81.9,80.3,Not Met,Yes
2025-11-16,Agent_036,Team F,Banking Support,Voice,Policy Question,Not Coached,0-3 months,Mid,Evaluator 4,77.5,685.0,3.93,38,86.4,76.1,Not Met,No
2025-12-15,Agent_045,Team F,Billing,Voice,Order Status,Coached,4-6 months,Morning,Evaluator 2,85.4,761.0,4.0,35,95.5,76.4,Met,No
2025-11-24,Agent_023,Team A,Billing,Voice,Technical Troubleshooting,Coached,4-6 months,Mid,Evaluator 1,73.1,835.0,3.83,18,93.8,73.3,Not Met,Yes
2025-09-24,Agent_047,Team F,Claims,Voice,Policy Question,Not Coached,4-6 months,Morning,Evaluator 2,69.1,714.0,3.4,24,90.3,74.2,Not Met,Yes
2025-12-27,Agent_031,Team C,Banking Support,Voice,Escalation,Coached,12+ months,Night,Evaluator 1,75.8,662.0,3.67,27,87.3,72.9,Not Met,No
2025-08-17,Agent_011,Team D,Claims,Voice,Policy Question,Not Coached,0-3 months,Mid,Evaluator 2,69.3,808.0,3.67,36,87.8,70.1,Not Met,Yes
2025-09-27,Agent_010,Team D,Tech Support,Voice,Cancellation,Coached,7-12 months,Mid,Evaluator 1,78.0,871.0,3.55,30,91.8,68.5,Not Met,No
2025-11-12,Agent_067,Team F,Retail Support,Voice,Order Status,Not Coached,7-12 months,Morning,Evaluator 3,85.4,618.0,3.84,30,85.6,72.0,Met,No
2025-10-13,Agent_118,Team A,Banking Support,Voice,Billing Issue,Not Coached,7-12 months,Night,Evaluator 4,88.0,719.0,3.81,48,95.1,68.8,Met,No
2025-10-18,Agent_014,Team C,Banking Support,Voice,Cancellation,Coached,4-6 months,Mid,Evaluator 3,69.8,737.0,3.69,32,85.4,73.7,Not Met,Yes
2025-08-01,Agent_080,Team E,Banking Support,Chat,Policy Question,Coached,12+ months,Morning,Evaluator 4,90.7,574.0,4.31,40,87.7,78.3,Met,No
2025-06-14,Agent_074,Team E,Claims,Voice,Billing Issue,Not Coached,7-12 months,Morning,Evaluator 1,70.3,674.0,3.81,31,88.1,72.4,Not Met,Yes
2025-01-05,Agent_093,Team E,Tech Support,Voice,Technical Troubleshooting,Not Coached,4-6 months,Morning,Evaluator 3,60.5,796.0,3.86,27,84.0,67.7,Not Met,Yes
2025-12-05,Agent_010,Team A,Banking Support,Email,Billing Issue,Coached,0-3 months,Night,Evaluator 4,86.1,545.0,4.11,40,90.6,69.4,Met,No
2025-03-19,Agent_076,Team B,Banking Support,Voice,Escalation,Not Coached,7-12 months,Morning,Evaluator 2,74.7,802.0,4.11,18,89.8,73.6,Not Met,Yes
2025-03-03,Agent_094,Team C,Billing,Voice,Account Access,Coached,12+ months,Mid,Evaluator 1,84.1,638.0,4.19,28,95.6,75.4,Not Met,No
2025-05-12,Agent_105,Team E,Retail Support,Voice,Escalation,Coached,7-12 months,Morning,Evaluator 1,77.0,679.0,3.74,21,85.5,78.0,Not Met,No
2025-03-30,Agent_001,Team B,Billing,Chat,Cancellation,Not Coached,12+ months,Morning,Evaluator 2,88.2,633.0,,46,89.6,77.8,Met,No
2025-08-25,Agent_005,Team B,Billing,Voice,Account Access,Not Coached,7-12 months,Mid,Evaluator 2,80.6,626.0,3.87,19,91.8,79.3,Not Met,No
2025-02-11,Agent_020,Team F,Retail Support,Voice,Cancellation,Not Coached,0-3 months,Night,Evaluator 4,59.2,718.0,3.82,26,82.2,70.7,Not Met,Yes
2025-03-30,Agent_008,Team A,Tech Support,Voice,Upsell Inquiry,Not Coached,0-3 months,Mid,Evaluator 1,69.0,711.0,3.94,30,83.6,72.9,Not Met,Yes
2025-10-23,Agent_043,Team F,Billing,Email,Order Status,Coached,4-6 months,Night,Evaluator 4,96.4,369.0,4.33,43,89.9,84.9,Met,No
2025-11-24,Agent_076,Team E,Tech Support,Voice,Complaint,Not Coached,7-12 months,Mid,Evaluator 2,73.6,806.0,3.86,30,89.3,69.9,Not Met,Yes
2025-10-22,Agent_001,Team E,Billing,Voice,Technical Troubleshooting,Coached,12+ months,Morning,Evaluator 1,84.6,790.0,3.61,17,93.2,74.7,Not Met,No
2025-04-14,Agent_057,Team B,Sales,Email,Technical Troubleshooting,Coached,4-6 months,Morning,Evaluator 2,87.1,540.0,4.23,35,90.7,76.0,Met,No
2025-01-14,Agent_064,Team A,Retail Support,Voice,Upsell Inquiry,Coached,7-12 months,Mid,Evaluator 4,87.8,634.0,4.2,35,91.2,77.5,Met,No
2025-10-15,Agent_118,Team E,Billing,Email,Policy Question,Coached,4-6 months,Night,Evaluator 4,82.7,607.0,3.9,26,87.9,80.9,Not Met,No
2025-06-28,Agent_084,Team E,Sales,Voice,Refund Request,Coached,4-6 months,Night,Evaluator 4,79.4,704.0,3.76,25,89.2,74.9,Not Met,No
2025-05-05,Agent_028,Team E,Claims,Chat,Cancellation,Coached,4-6 months,Morning,Evaluator 1,72.7,617.0,3.71,36,87.5,72.1,Not Met,Yes
2025-12-19,Agent_107,Team A,Sales,Voice,Complaint,Coached,0-3 months,Morning,Evaluator 2,77.9,662.0,4.07,29,94.2,75.8,Not Met,No
2025-01-23,Agent_037,Team E,Banking Support,Chat,Complaint,Coached,0-3 months,Morning,Evaluator 2,61.7,672.0,3.65,38,81.7,66.1,Not Met,Yes
2025-03-04,Agent_047,Team E,Billing,Email,Escalation,Not Coached,0-3 months,Night,Evaluator 4,61.7,582.0,3.88,19,80.6,71.5,Not Met,Yes
2025-05-23,Agent_101,Team D,Sales,Voice,Escalation,Coached,0-3 months,Night,Evaluator 4,79.9,602.0,3.97,43,92.8,71.1,Not Met,No
2025-06-02,Agent_076,Team E,Tech Support,Voice,Refund Request,Coached,0-3 months,Night,Evaluator 4,55.6,832.0,3.34,13,79.0,69.5,Not Met,Yes
2025-05-25,Agent_037,Team F,Claims,Voice,Policy Question,Not Coached,7-12 months,Morning,Evaluator 4,79.1,803.0,3.57,17,87.2,71.4,Not Met,No
2025-08-13,Agent_049,Team D,Billing,Voice,Upsell Inquiry,Not Coached,4-6 months,Mid,Evaluator 3,86.3,729.0,3.94,44,86.5,74.2,Met,No
2025-11-05,Agent_113,Team A,Banking Support,Voice,,Not Coached,12+ months,Mid,Evaluator 3,82.9,678.0,3.88,35,87.7,80.2,Not Met,No
2025-04-14,Agent_120,Team C,Sales,Voice,Escalation,Coached,0-3 months,Morning,Evaluator 3,69.0,644.0,3.73,27,85.3,70.5,Not Met,Yes
2025-04-14,Agent_044,Team A,Claims,Voice,Policy Question,Not Coached,4-6 months,Mid,Evaluator 4,82.4,683.0,3.76,30,92.2,72.9,Not Met,No
2025-02-08,Agent_056,Team C,Billing,Voice,Order Status,Coached,4-6 months,Morning,Evaluator 4,75.5,667.0,3.71,22,88.4,73.5,Not Met,No
2025-07-17,Agent_028,Team C,Claims,Voice,,Coached,0-3 months,Morning,Evaluator 2,66.1,870.0,3.98,28,88.2,63.9,Not Met,Yes
2025-05-14,Agent_111,Team A,Banking Support,Chat,Technical Troubleshooting,Coached,12+ months,Night,Evaluator 1,90.1,612.0,3.87,9,99.1,79.4,Met,No
2025-03-08,Agent_079,Team C,Sales,Voice,Policy Question,Not Coached,0-3 months,Night,Evaluator 2,65.3,617.0,4.15,20,82.9,72.2,Not Met,Yes
2025-06-28,Agent_006,Team A,Claims,Voice,Refund Request,Coached,12+ months,Mid,Evaluator 3,95.0,637.0,4.02,40,100.0,79.8,Met,No
2025-02-11,Agent_108,Team E,Claims,Voice,Upsell Inquiry,Coached,12+ months,Mid,Evaluator 2,76.0,768.0,3.66,33,88.2,75.0,Not Met,No
2025-01-15,Agent_061,Team F,Retail Support,Voice,Complaint,Coached,7-12 months,Morning,Evaluator 4,86.4,619.0,4.1,47,90.5,70.7,Met,No
2025-04-21,Agent_020,Team A,Claims,Voice,Refund Request,Not Coached,7-12 months,Mid,Evaluator 3,80.4,771.0,3.89,26,88.9,69.0,Not Met,No
2025-06-06,Agent_114,Team F,Retail Support,Voice,Policy Question,Not Coached,7-12 months,Night,Evaluator 3,80.3,688.0,3.84,32,91.4,70.0,Not Met,No
2025-10-16,Agent_078,Team D,Sales,Voice,Upsell Inquiry,Coached,4-6 months,Night,Evaluator 1,88.2,578.0,4.11,20,90.0,77.7,Met,No
2025-08-19,Agent_002,Team B,Billing,Chat,Upsell Inquiry,Not Coached,7-12 months,Mid,Evaluator 1,83.8,484.0,4.12,36,89.9,78.5,Not Met,No
2025-06-06,Agent_073,Team A,Billing,Voice,Cancellation,Coached,0-3 months,Morning,Evaluator 3,74.0,674.0,3.9,41,88.9,64.8,Not Met,Yes
2025-02-07,Agent_037,Team D,Sales,Chat,Account Access,Not Coached,0-3 months,Morning,Evaluator 3,84.5,422.0,4.32,43,86.4,85.9,Not Met,No
2025-04-07,Agent_020,Team E,Sales,Chat,Technical Troubleshooting,Coached,7-12 months,Mid,Evaluator 2,69.8,613.0,3.61,21,89.5,67.9,Not Met,Yes
2025-10-16,Agent_026,Team E,Tech Support,Chat,Policy Question,Not Coached,7-12 months,Morning,Evaluator 3,73.6,675.0,3.62,23,84.7,73.7,Not Met,Yes
2025-09-11,Agent_029,Team A,Sales,Email,Complaint,Coached,12+ months,Night,Evaluator 4,94.3,432.0,4.12,51,93.3,85.7,Met,No
2025-07-15,Agent_001,Team A,Claims,Voice,Account Access,Not Coached,0-3 months,Morning,Evaluator 2,82.2,624.0,3.71,30,91.2,71.2,Not Met,No
2025-03-27,Agent_119,Team C,Billing,Voice,Order Status,Coached,12+ months,Morning,Evaluator 4,91.0,607.0,4.01,33,89.6,79.9,Met,No
2025-11-18,Agent_035,Team B,Banking Support,Email,Escalation,Coached,4-6 months,Morning,Evaluator 4,83.3,652.0,4.08,48,91.9,71.3,Not Met,No
2025-01-10,Agent_070,Team B,Billing,Voice,Cancellation,Coached,4-6 months,Night,Evaluator 4,77.1,690.0,3.49,23,87.1,75.1,Not Met,No
2025-01-05,Agent_101,Team B,Retail Support,Voice,Escalation,Coached,4-6 months,Morning,Evaluator 3,72.4,715.0,3.8,17,88.7,65.2,Not Met,Yes
2025-05-03,Agent_117,Team E,Billing,Chat,Account Access,Coached,4-6 months,Mid,Evaluator 1,72.8,583.0,3.85,40,82.6,79.7,Not Met,Yes
2025-11-26,Agent_059,Team F,Tech Support,Chat,Account Access,Not Coached,0-3 months,Mid,Evaluator 1,82.0,551.0,3.88,41,91.4,74.5,Not Met,No
2025-12-19,Agent_069,Team C,Sales,Email,Escalation,Coached,7-12 months,Morning,Evaluator 4,86.1,461.0,3.83,13,94.6,73.4,Met,No
2025-04-28,Agent_033,Team F,Sales,Email,Complaint,Not Coached,12+ months,Mid,Evaluator 3,87.2,499.0,4.03,35,92.8,82.3,Met,No
2025-10-21,Agent_113,Team C,Billing,Chat,Complaint,Not Coached,4-6 months,Mid,Evaluator 2,71.6,654.0,3.63,25,93.6,79.6,Not Met,Yes
2025-06-08,Agent_051,Team C,Banking Support,Voice,Billing Issue,Not Coached,7-12 months,Mid,Evaluator 4,80.7,664.0,3.78,39,90.9,70.6,Not Met,No
2025-10-30,Agent_078,Team B,Banking Support,Email,Order Status,Not Coached,12+ months,Night,Evaluator 2,91.3,542.0,3.7,30,91.0,78.4,Met,No
2025-08-16,Agent_012,Team D,Tech Support,Voice,Complaint,Not Coached,7-12 months,Morning,Evaluator 2,78.8,780.0,3.77,31,91.4,71.4,Not Met,No
2025-12-31,Agent_106,Team F,Retail Support,Voice,Order Status,Coached,7-12 months,Morning,Evaluator 3,84.1,586.0,3.89,34,96.1,74.8,Not Met,No
2025-08-04,Agent_020,Team D,Billing,Email,Order Status,Not Coached,4-6 months,Night,Evaluator 3,86.9,464.0,4.06,35,86.0,75.4,Met,No
2025-07-03,Agent_053,Team C,Sales,Voice,Account Access,Coached,12+ months,Morning,Evaluator 1,79.3,536.0,4.13,46,86.8,76.4,Not Met,No
2025-01-15,Agent_114,Team D,Billing,Voice,Order Status,Not Coached,7-12 months,Mid,Evaluator 1,84.1,676.0,3.93,28,92.2,73.4,Not Met,No
2025-06-06,Agent_088,Team A,Tech Support,Voice,Cancellation,Not Coached,4-6 months,Night,Evaluator 3,62.3,978.0,3.81,26,87.2,66.6,Not Met,Yes
2025-05-16,Agent_043,Team F,Claims,Email,Escalation,Coached,4-6 months,Morning,Evaluator 4,72.1,641.0,3.87,31,81.2,73.4,Not Met,Yes
2025-09-18,Agent_098,Team D,Claims,Voice,Billing Issue,Coached,12+ months,Mid,Evaluator 1,78.5,724.0,4.11,26,88.9,79.5,Not Met,No
2025-06-06,Agent_089,Team C,Tech Support,Chat,Policy Question,Coached,0-3 months,Morning,Evaluator 2,71.0,663.0,4.08,47,84.0,74.6,Not Met,Yes
2025-02-16,Agent_050,Team D,Sales,Voice,Refund Request,Not Coached,12+ months,Morning,Evaluator 4,86.8,589.0,4.11,38,92.2,72.4,Met,No
2025-11-20,Agent_029,Team D,Tech Support,Chat,Billing Issue,Not Coached,0-3 months,Morning,Evaluator 2,78.5,558.0,3.97,42,86.6,72.7,Not Met,No
2025-11-28,Agent_057,Team A,Sales,Chat,Cancellation,Coached,12+ months,Night,Evaluator 3,99.8,501.0,4.32,36,100.0,86.9,Met,No
2025-06-22,Agent_039,Team E,Banking Support,Voice,Billing Issue,Not Coached,4-6 months,Morning,Evaluator 2,61.9,705.0,3.82,32,84.8,72.6,Not Met,Yes
2025-05-10,Agent_095,Team B,Tech Support,Voice,Order Status,Not Coached,7-12 months,Mid,Evaluator 4,84.3,654.0,4.17,44,90.5,77.2,Not Met,No
2025-04-05,Agent_056,Team E,Sales,Voice,Account Access,Coached,12+ months,Night,Evaluator 3,79.7,583.0,4.16,42,84.3,78.4,Not Met,Yes
2025-04-25,Agent_111,Team E,Tech Support,Email,Refund Request,Coached,4-6 months,Mid,Evaluator 4,73.7,572.0,4.11,49,86.2,74.2,Not Met,Yes
2025-08-31,Agent_043,Team E,Tech Support,Chat,Complaint,Not Coached,7-12 months,Mid,Evaluator 2,67.4,720.0,3.78,22,87.4,72.4,Not Met,Yes
2025-10-19,Agent_050,Team D,Sales,Email,Account Access,Not Coached,0-3 months,Mid,Evaluator 4,80.0,329.0,4.28,42,82.4,78.5,Not Met,Yes
2025-10-09,Agent_023,Team D,Sales,Voice,Order Status,Not Coached,0-3 months,Morning,Evaluator 3,78.4,509.0,4.1,32,83.9,79.6,Not Met,Yes
2025-10-26,Agent_044,Team A,Retail Support,Chat,Order Status,Coached,4-6 months,Mid,Evaluator 2,91.9,485.0,3.92,36,93.5,78.3,Met,No
2025-10-10,Agent_038,Team E,Tech Support,Chat,Refund Request,Coached,7-12 months,Mid,Evaluator 2,75.3,683.0,4.1,37,86.1,73.8,Not Met,No
2025-03-10,Agent_084,Team B,Claims,Chat,Refund Request,Coached,0-3 months,Night,Evaluator 1,63.1,620.0,3.58,32,87.4,77.1,Not Met,Yes
2025-05-28,Agent_023,Team C,Tech Support,Email,,Coached,0-3 months,Night,Evaluator 1,68.6,677.0,3.97,44,87.0,70.3,Not Met,Yes
2025-01-11,Agent_045,Team B,Tech Support,Voice,Upsell Inquiry,Coached,4-6 months,Night,Evaluator 4,78.4,699.0,3.98,38,96.6,74.0,Not Met,No
2025-09-11,Agent_052,Team A,Sales,Voice,Upsell Inquiry,Not Coached,7-12 months,Night,Evaluator 1,94.5,612.0,3.98,36,91.2,76.2,Met,No
2025-11-26,Agent_080,Team D,Tech Support,Chat,Account Access,Coached,7-12 months,Mid,Evaluator 1,90.2,625.0,4.14,29,98.1,77.4,Met,No
2025-12-26,Agent_050,Team A,Billing,Chat,Complaint,Not Coached,0-3 months,Mid,Evaluator 1,75.5,546.0,4.11,46,81.0,74.5,Not Met,Yes
2025-02-07,Agent_106,Team E,Tech Support,Voice,Billing Issue,Coached,0-3 months,Night,Evaluator 1,66.9,708.0,3.47,19,84.7,68.3,Not Met,Yes
2025-05-14,Agent_119,Team B,Billing,Voice,Order Status,Not Coached,12+ months,Morning,Evaluator 3,88.1,598.0,4.33,48,90.0,75.2,Met,No
2025-07-19,Agent_008,Team A,Claims,Voice,Order Status,Coached,4-6 months,Night,Evaluator 3,78.4,743.0,3.94,31,89.5,73.4,Not Met,No
2025-01-23,Agent_114,Team D,Sales,Voice,Technical Troubleshooting,Coached,12+ months,Morning,Evaluator 1,89.3,635.0,4.57,55,96.1,82.5,Met,No
2025-10-30,Agent_085,Team A,Tech Support,Voice,Account Access,Coached,12+ months,Mid,Evaluator 4,76.0,832.0,4.07,39,93.1,77.0,Not Met,No
2025-12-12,Agent_001,Team B,Billing,Chat,Account Access,Not Coached,12+ months,Mid,Evaluator 3,84.1,480.0,4.15,47,84.1,74.3,Not Met,Yes
2025-10-29,Agent_119,Team E,Billing,Chat,Escalation,Not Coached,0-3 months,Night,Evaluator 1,62.0,592.0,3.66,28,77.5,70.4,Not Met,Yes
2025-12-29,Agent_008,Team A,Billing,Voice,Refund Request,Coached,12+ months,Morning,Evaluator 3,89.4,744.0,3.96,27,97.0,73.9,Met,No
2025-08-06,Agent_029,Team E,Banking Support,Voice,Complaint,Coached,12+ months,Mid,Evaluator 2,75.7,697.0,3.9,25,84.4,68.6,Not Met,Yes
2025-05-21,Agent_096,Team A,Retail Support,Voice,Refund Request,Not Coached,7-12 months,Mid,Evaluator 3,81.2,665.0,4.31,32,94.4,77.6,Not Met,No
2025-04-14,Agent_102,Team B,Claims,Voice,Complaint,Coached,4-6 months,Morning,Evaluator 3,75.3,772.0,4.11,37,90.2,72.2,Not Met,No
2025-07-29,Agent_005,Team E,Tech Support,Chat,Cancellation,Coached,4-6 months,Night,Evaluator 4,69.7,598.0,4.01,20,85.7,82.8,Not Met,Yes
2025-04-21,Agent_111,Team B,Banking Support,Email,Policy Question,Not Coached,0-3 months,Mid,Evaluator 3,85.7,446.0,4.46,47,86.4,75.8,Met,No
2025-04-14,Agent_086,Team A,Tech Support,Voice,Upsell Inquiry,Not Coached,7-12 months,Mid,Evaluator 4,82.7,661.0,3.55,-1,92.8,73.4,Not Met,No
2025-11-12,Agent_047,Team C,Tech Support,Chat,Upsell Inquiry,Coached,7-12 months,Morning,Evaluator 2,77.8,622.0,4.06,39,84.8,72.7,Not Met,Yes
2025-06-20,Agent_034,Team B,Sales,Email,Complaint,Coached,4-6 months,Mid,Evaluator 1,85.3,477.0,4.42,35,90.6,77.4,Met,No
2025-12-22,Agent_065,Team F,Sales,Chat,Upsell Inquiry,Not Coached,7-12 months,Mid,Evaluator 4,82.8,371.0,4.32,35,85.7,84.1,Not Met,No
2025-11-20,Agent_055,Team B,Sales,Voice,Refund Request,Coached,4-6 months,Morning,Evaluator 3,78.7,688.0,3.64,39,91.0,77.3,Not Met,No
2025-05-13,Agent_119,Team E,Banking Support,Email,Order Status,Coached,7-12 months,Morning,Evaluator 3,94.0,424.0,4.43,43,91.3,91.7,Met,No
2025-10-20,Agent_090,Team F,Tech Support,Voice,Refund Request,Not Coached,12+ months,Night,Evaluator 4,72.6,673.0,4.09,42,90.4,71.1,Not Met,Yes
2025-11-24,Agent_043,Team C,Retail Support,Voice,Complaint,Not Coached,0-3 months,Mid,Evaluator 2,65.7,743.0,3.77,19,86.2,69.6,Not Met,Yes
2025-05-07,Agent_074,Team F,Claims,Voice,Account Access,Coached,4-6 months,Mid,Evaluator 1,70.9,801.0,3.81,36,86.6,68.8,Not Met,Yes
2025-04-16,Agent_030,Team C,Sales,Voice,Refund Request,Not Coached,0-3 months,Morning,Evaluator 3,64.7,671.0,4.21,34,84.0,72.3,Not Met,Yes
2025-04-02,Agent_114,Team F,Sales,Voice,Upsell Inquiry,Not Coached,7-12 months,Morning,Evaluator 2,94.0,471.0,4.2,40,88.8,85.1,Met,No
2025-10-14,Agent_082,Team A,Tech Support,Voice,Technical Troubleshooting,Coached,7-12 months,Morning,Evaluator 1,84.5,859.0,3.79,43,91.7,76.5,Not Met,No
2025-02-20,Agent_017,Team E,Tech Support,Voice,Escalation,Not Coached,12+ months,Morning,Evaluator 1,64.2,795.0,3.54,12,84.5,67.0,Not Met,Yes
2025-01-29,Agent_026,Team C,Banking Support,Chat,Order Status,Coached,4-6 months,Mid,Evaluator 3,82.0,526.0,4.18,43,86.7,79.5,Not Met,No
2025-10-23,Agent_008,Team C,Banking Support,Email,Upsell Inquiry,Coached,12+ months,Mid,Evaluator 4,82.9,408.0,4.41,45,87.1,73.3,Not Met,No
2025-10-24,Agent_047,Team D,Sales,Voice,Technical Troubleshooting,Not Coached,0-3 months,Mid,Evaluator 3,61.5,702.0,3.85,30,81.3,62.3,Not Met,Yes
2025-08-02,Agent_104,Team E,Tech Support,Email,Complaint,Coached,7-12 months,Morning,Evaluator 3,71.9,517.0,3.91,22,85.6,77.0,Not Met,Yes
2025-09-24,Agent_113,Team A,Retail Support,Email,Cancellation,Coached,0-3 months,Mid,Evaluator 3,85.6,527.0,4.39,43,91.9,79.6,Met,No
2025-09-14,Agent_076,Team B,Claims,Chat,Technical Troubleshooting,Coached,12+ months,Morning,Evaluator 2,86.2,594.0,3.89,27,93.4,80.4,Met,No
2025-10-29,Agent_091,Team E,Tech Support,Voice,Policy Question,Coached,7-12 months,Morning,Evaluator 4,75.5,789.0,4.19,42,83.6,79.6,Not Met,Yes
2025-04-11,Agent_072,Team D,Tech Support,Chat,Cancellation,Not Coached,7-12 months,Night,Evaluator 2,81.1,604.0,3.85,34,88.7,77.8,Not Met,No
2025-12-12,Agent_089,Team F,Billing,Email,Billing Issue,Not Coached,12+ months,Mid,Evaluator 3,91.5,312.0,4.0,32,92.9,83.5,Met,No
2025-04-20,Agent_046,Team E,Banking Support,Chat,Order Status,Not Coached,0-3 months,Mid,Evaluator 4,66.6,549.0,3.61,13,81.9,77.7,Not Met,Yes
2025-07-01,Agent_068,Team F,Claims,Voice,Upsell Inquiry,,0-3 months,Morning,Evaluator 1,72.3,712.0,3.59,22,82.0,70.3,Not Met,Yes
2025-11-09,Agent_033,Team E,Sales,Voice,Billing Issue,Coached,12+ months,Night,Evaluator 4,87.1,694.0,3.82,37,97.9,76.5,Met,No
2025-01-01,Agent_001,Team B,Tech Support,Chat,Refund Request,Coached,4-6 months,Mid,Evaluator 3,79.1,505.0,4.01,37,88.9,80.3,Not Met,No
2025-11-15,Agent_019,Team A,Sales,Voice,Complaint,Coached,0-3 months,Night,Evaluator 4,67.3,619.0,4.23,39,85.8,71.2,Not Met,Yes
2025-02-24,Agent_031,Team E,Tech Support,Voice,Order Status,Coached,7-12 months,Morning,Evaluator 1,82.8,732.0,4.01,44,88.6,74.8,Not Met,No
2025-05-29,Agent_080,Team D,Sales,Voice,Account Access,Not Coached,7-12 months,Night,Evaluator 1,82.5,631.0,3.94,31,90.7,85.5,Not Met,No
2025-11-05,Agent_014,Team A,Claims,Chat,Cancellation,Not Coached,0-3 months,Night,Evaluator 4,63.3,535.0,4.72,44,82.1,80.6,Not Met,Yes
2025-05-17,Agent_053,Team C,Banking Support,Email,Account Access,Not Coached,4-6 months,Night,Evaluator 1,87.4,504.0,3.93,35,86.8,73.0,Met,No
2025-07-21,Agent_048,Team F,Claims,Voice,Billing Issue,Coached,0-3 months,Morning,Evaluator 2,72.9,699.0,3.83,33,90.4,81.4,Not Met,Yes
2025-11-09,Agent_069,Team D,Billing,Email,Technical Troubleshooting,Not Coached,4-6 months,Morning,Evaluator 4,91.3,483.0,3.82,29,88.2,81.3,Met,No
2025-04-27,Agent_105,Team C,Retail Support,Voice,Technical Troubleshooting,Coached,12+ months,Morning,Evaluator 1,77.0,729.0,3.85,22,83.5,76.4,Not Met,Yes
2025-06-03,Agent_090,Team C,Banking Support,Chat,Complaint,Coached,12+ months,Morning,Evaluator 1,84.7,603.0,4.06,45,92.2,77.1,Not Met,No
2025-10-18,Agent_062,Team B,Claims,Chat,Billing Issue,Not Coached,7-12 months,Night,Evaluator 4,84.1,470.0,3.87,31,91.9,82.7,Not Met,No
2025-03-04,Agent_092,Team C,Billing,Chat,Escalation,Not Coached,0-3 months,Morning,Evaluator 2,63.2,610.0,3.72,15,81.9,72.7,Not Met,Yes
2025-09-01,Agent_066,Team C,Retail Support,Email,Order Status,Coached,12+ months,Morning,Evaluator 4,90.4,451.0,4.22,39,88.7,80.9,Met,No
2025-01-25,Agent_114,Team A,Billing,Voice,Cancellation,Coached,7-12 months,Morning,Evaluator 1,97.8,716.0,3.87,41,100.0,75.7,Met,No
2025-03-31,Agent_064,Team E,Tech Support,Email,Technical Troubleshooting,Coached,0-3 months,Morning,Evaluator 4,64.5,570.0,3.73,25,81.9,77.4,Not Met,Yes
2025-03-16,Agent_070,Team C,Tech Support,Voice,Technical Troubleshooting,Not Coached,12+ months,Morning,Evaluator 1,73.3,774.0,3.94,34,84.3,76.2,Not Met,Yes
2025-10-21,Agent_063,Team E,Sales,Chat,Account Access,Coached,12+ months,Night,Evaluator 3,82.3,418.0,3.87,22,90.1,80.5,Not Met,No
2025-07-29,Agent_073,Team F,Banking Support,Chat,Account Access,Not Coached,12+ months,Mid,Evaluator 4,88.2,458.0,3.9,39,92.9,74.6,Met,No
2025-12-13,Agent_033,Team B,Tech Support,Chat,Upsell Inquiry,Coached,7-12 months,Morning,Evaluator 4,98.2,537.0,4.16,31,93.1,79.5,Met,No
2025-01-17,Agent_041,Team D,Billing,Voice,Refund Request,Coached,4-6 months,Mid,Evaluator 1,76.8,755.0,4.07,38,82.2,70.5,Not Met,Yes
2025-05-08,Agent_089,Team C,Banking Support,Email,Escalation,Coached,4-6 months,Morning,Evaluator 1,81.8,535.0,4.07,40,85.9,74.7,Not Met,No
2025-12-30,Agent_048,Team F,Tech Support,Voice,Account Access,Coached,7-12 months,Morning,Evaluator 1,82.8,723.0,3.86,31,94.6,74.3,Not Met,No
2025-09-08,Agent_013,Team B,Sales,Voice,Account Access,Coached,4-6 months,Mid,Evaluator 1,94.7,584.0,3.97,25,91.6,72.6,Met,No
2025-06-28,Agent_073,Team E,Claims,Chat,Order Status,Not Coached,4-6 months,Mid,Evaluator 4,68.3,591.0,4.09,23,80.5,67.5,Not Met,Yes
2025-07-01,Agent_117,Team D,Sales,Voice,Upsell Inquiry,Not Coached,12+ months,Mid,Evaluator 1,84.6,646.0,4.19,51,96.4,78.5,Not Met,No
2025-06-01,Agent_077,Team B,Retail Support,Chat,Account Access,Not Coached,12+ months,Mid,Evaluator 4,97.2,513.0,4.12,32,94.7,80.0,Met,No
2025-01-25,Agent_031,Team A,Tech Support,Voice,Cancellation,Not Coached,7-12 months,Morning,Evaluator 2,75.3,813.0,3.78,37,90.0,73.1,Not Met,No
2025-06-29,Agent_105,Team D,Retail Support,Voice,Order Status,Not Coached,12+ months,Night,Evaluator 4,89.2,648.0,4.0,36,95.0,79.3,Met,No
2025-07-17,Agent_075,Team E,Retail Support,Chat,Refund Request,Not Coached,12+ months,Night,Evaluator 1,89.4,609.0,3.74,18,95.1,73.3,Met,No
2025-12-10,Agent_068,Team B,Billing,Voice,Billing Issue,Not Coached,7-12 months,Night,Evaluator 1,77.8,711.0,3.85,27,86.5,75.9,Not Met,No
2025-06-10,Agent_098,Team D,Banking Support,Voice,Order Status,Coached,4-6 months,Morning,Evaluator 2,94.3,749.0,3.78,44,93.1,78.8,Met,No
2025-06-26,Agent_102,Team C,Billing,Chat,Billing Issue,Coached,4-6 months,Night,Evaluator 4,84.3,502.0,4.01,61,94.8,76.3,Not Met,No
2025-10-12,Agent_110,Team E,Tech Support,Voice,Technical Troubleshooting,Coached,4-6 months,Night,Evaluator 2,64.9,787.0,3.62,20,88.6,78.1,Not Met,Yes
2025-03-04,Agent_004,Team B,Retail Support,Chat,Upsell Inquiry,Coached,0-3 months,Night,Evaluator 4,72.2,428.0,4.26,38,85.5,78.7,Not Met,Yes
2025-05-30,Agent_102,Team F,Claims,Voice,Refund Request,Coached,4-6 months,Morning,Evaluator 1,79.2,719.0,4.05,21,89.9,70.0,Not Met,No
2025-06-03,Agent_019,Team B,Retail Support,Chat,Upsell Inquiry,Not Coached,4-6 months,Mid,Evaluator 4,76.7,553.0,3.92,21,93.3,80.0,Not Met,No
